packId,providerId,name,region,city,priority,recommendedAction,missingFields,currentPhone,candidatePhone,currentWebsite,candidateWebsite,sourceCategory,matchSignals,conflictingProviderIds,sourceCaptureStatus,sourceCaptureFinalUrl,suggestedSourceExcerpt,draftCorrectedFields
"gp-pack:gp-m-ori-hill-clinic-45-8581-170-5008","gp-m-ori-hill-clinic-45-8581-170-5008","Māori Hill Clinic","Otago","Dunedin","ready_for_source_capture","review_and_capture_source_excerpt","website","(03) 464 0044","03 464 0044","","http://www.maorihillclinic.online/","practice_or_network_site","phone; name; address","","","","","{""website"":""http://www.maorihillclinic.online/"",""source"":""http://www.maorihillclinic.online/"",""sourceQuality"":""practice or clinic network website; pending human source-excerpt review""}"
"gp-pack:gp-western-heights-health-centre-38-1288-176-2199","gp-western-heights-health-centre-38-1288-176-2199","Western Heights Health Centre","Rotorua and Taupo","Rotorua","ready_for_source_capture","review_and_capture_source_excerpt","website","(07) 347 0565","07 347 0565","","http://www.westernheightshealth.co.nz/","practice_or_network_site","phone; name; address","","","","","{""website"":""http://www.westernheightshealth.co.nz/"",""source"":""http://www.westernheightshealth.co.nz/"",""sourceQuality"":""practice or clinic network website; pending human source-excerpt review""}"
"gp-pack:gp-all-care-family-medical-centre-ponsonby-36-8518-174-7452","gp-all-care-family-medical-centre-ponsonby-36-8518-174-7452","All Care Family Medical Centre - Ponsonby","Auckland","Ponsonby","ready_for_source_capture","review_and_capture_source_excerpt","website","(09) 376 5580","09 376 5580","","https://www.healthpoint.co.nz/gps-accident-urgent-medical-care/gp/all-care-family-medical-centre-ponsonby-1/","healthpoint_gp_listing","phone; name; address","","","","","{""website"":""https://www.healthpoint.co.nz/gps-accident-urgent-medical-care/gp/all-care-family-medical-centre-ponsonby-1/"",""source"":""https://www.healthpoint.co.nz/gps-accident-urgent-medical-care/gp/all-care-family-medical-centre-ponsonby-1/"",""sourceQuality"":""Healthpoint GP listing; pending human source-excerpt review""}"
"gp-pack:gp-archers-medical-centre-36-7846-174-7340","gp-archers-medical-centre-36-7846-174-7340","Archers Medical Centre","Auckland","Glenfield","ready_for_source_capture","review_and_capture_source_excerpt","website","(09) 444 9324","09 444 9324","","https://www.healthpoint.co.nz/gps-accident-urgent-medical-care/gp/archers-medical-centre/","healthpoint_gp_listing","phone; name; address","","","","","{""website"":""https://www.healthpoint.co.nz/gps-accident-urgent-medical-care/gp/archers-medical-centre/"",""source"":""https://www.healthpoint.co.nz/gps-accident-urgent-medical-care/gp/archers-medical-centre/"",""sourceQuality"":""Healthpoint GP listing; pending human source-excerpt review""}"
"gp-pack:gp-clevedon-road-medical-centre-37-0621-174-9486","gp-clevedon-road-medical-centre-37-0621-174-9486","Clevedon Road Medical Centre","Auckland","Papakura","ready_for_source_capture","review_and_capture_source_excerpt","website","(09) 298 3110","09 298 3110","","https://www.healthpoint.co.nz/gps-accident-urgent-medical-care/gp/clevedon-road-medical-centre-1/","healthpoint_gp_listing","phone; name; address","","","","","{""website"":""https://www.healthpoint.co.nz/gps-accident-urgent-medical-care/gp/clevedon-road-medical-centre-1/"",""source"":""https://www.healthpoint.co.nz/gps-accident-urgent-medical-care/gp/clevedon-road-medical-centre-1/"",""sourceQuality"":""Healthpoint GP listing; pending human source-excerpt review""}"
"gp-pack:gp-donovan-street-medical-centre-36-9224-174-7018","gp-donovan-street-medical-centre-36-9224-174-7018","Donovan Street Medical Centre","Auckland","Blockhouse Bay","ready_for_source_capture","review_and_capture_source_excerpt","website","(09) 627 1290","09 627 1290","","https://www.healthpoint.co.nz/gps-accident-urgent-medical-care/gp/donovan-street-medical-centre/","healthpoint_gp_listing","phone; name; address","","","","","{""website"":""https://www.healthpoint.co.nz/gps-accident-urgent-medical-care/gp/donovan-street-medical-centre/"",""source"":""https://www.healthpoint.co.nz/gps-accident-urgent-medical-care/gp/donovan-street-medical-centre/"",""sourceQuality"":""Healthpoint GP listing; pending human source-excerpt review""}"
"gp-pack:gp-eastern-family-doctors-36-9008-174-9047","gp-eastern-family-doctors-36-9008-174-9047","Eastern Family Doctors","Auckland","Highland Park","ready_for_source_capture","review_and_capture_source_excerpt","website","(09) 222 0168","09 222 0168","","https://www.healthpoint.co.nz/gps-accident-urgent-medical-care/gp/eastern-family-doctors/","healthpoint_gp_listing","phone; name; address","","","","","{""website"":""https://www.healthpoint.co.nz/gps-accident-urgent-medical-care/gp/eastern-family-doctors/"",""source"":""https://www.healthpoint.co.nz/gps-accident-urgent-medical-care/gp/eastern-family-doctors/"",""sourceQuality"":""Healthpoint GP listing; pending human source-excerpt review""}"
"gp-pack:gp-forrest-hill-family-medical-centre-36-7603-174-7471","gp-forrest-hill-family-medical-centre-36-7603-174-7471","Forrest Hill Family Medical Centre","Auckland","Forrest Hill","ready_for_source_capture","review_and_capture_source_excerpt","website","(09) 410 5411","09 410 5411","","http://www.healthpoint.co.nz/doctors/gp/forrest-hill-family-medical-centre/","healthpoint_gp_listing","phone; name; address","","","","","{""website"":""http://www.healthpoint.co.nz/doctors/gp/forrest-hill-family-medical-centre/"",""source"":""http://www.healthpoint.co.nz/doctors/gp/forrest-hill-family-medical-centre/"",""sourceQuality"":""Healthpoint GP listing; pending human source-excerpt review""}"
"gp-pack:gp-onehunga-family-medical-centre-36-9235-174-7856","gp-onehunga-family-medical-centre-36-9235-174-7856","Onehunga Family Medical Centre","Auckland","Onehunga","ready_for_source_capture","review_and_capture_source_excerpt","website","(09) 636 6267","09 636 6267","","https://www.healthpoint.co.nz/gps-accident-urgent-medical-care/gp/onehunga-family-medical-centre","healthpoint_gp_listing","phone; name; address","","","","","{""website"":""https://www.healthpoint.co.nz/gps-accident-urgent-medical-care/gp/onehunga-family-medical-centre"",""source"":""https://www.healthpoint.co.nz/gps-accident-urgent-medical-care/gp/onehunga-family-medical-centre"",""sourceQuality"":""Healthpoint GP listing; pending human source-excerpt review""}"
"gp-pack:gp-t-huhu-family-doctors-36-9441-174-8406","gp-t-huhu-family-doctors-36-9441-174-8406","Ōtāhuhu Family Doctors","Auckland","Ōtāhuhu","ready_for_source_capture","review_and_capture_source_excerpt","website","(09) 276 1339","09 276 1339","","https://www.healthpoint.co.nz/doctors/general-practitioner/dr-weng-key-chan/","healthpoint_gp_listing","phone; name; address","","","","","{""website"":""https://www.healthpoint.co.nz/doctors/general-practitioner/dr-weng-key-chan/"",""source"":""https://www.healthpoint.co.nz/doctors/general-practitioner/dr-weng-key-chan/"",""sourceQuality"":""Healthpoint GP listing; pending human source-excerpt review""}"
"gp-pack:gp-penrose-clinic-36-9103-174-8170","gp-penrose-clinic-36-9103-174-8170","Penrose Clinic","Auckland","Penrose","ready_for_source_capture","review_and_capture_source_excerpt","website","(09) 579 4784","09 579 4784","","https://www.healthpoint.co.nz/doctors/gp/penrose-clinic/","healthpoint_gp_listing","phone; name; address","","","","","{""website"":""https://www.healthpoint.co.nz/doctors/gp/penrose-clinic/"",""source"":""https://www.healthpoint.co.nz/doctors/gp/penrose-clinic/"",""sourceQuality"":""Healthpoint GP listing; pending human source-excerpt review""}"
"gp-pack:gp-surrey-medical-centre-36-8637-174-7368","gp-surrey-medical-centre-36-8637-174-7368","Surrey Medical Centre","Auckland","Grey Lynn","ready_for_source_capture","review_and_capture_source_excerpt","website","(09) 376 4658","09 376 4658","","https://www.healthpoint.co.nz/gps-accident-urgent-medical-care/gp/surrey-medical-centre/","healthpoint_gp_listing","phone; name; address","","","","","{""website"":""https://www.healthpoint.co.nz/gps-accident-urgent-medical-care/gp/surrey-medical-centre/"",""source"":""https://www.healthpoint.co.nz/gps-accident-urgent-medical-care/gp/surrey-medical-centre/"",""sourceQuality"":""Healthpoint GP listing; pending human source-excerpt review""}"
"gp-pack:gp-the-wood-street-doctors-37-0648-174-9415","gp-the-wood-street-doctors-37-0648-174-9415","The Wood Street Doctors","Auckland","Papakura","ready_for_source_capture","review_and_capture_source_excerpt","website","(09) 299 8194","09 299 8194","","https://www.healthpoint.co.nz/gps-accident-urgent-medical-care/gp/the-wood-street-doctors/","healthpoint_gp_listing","phone; name; address","","","","","{""website"":""https://www.healthpoint.co.nz/gps-accident-urgent-medical-care/gp/the-wood-street-doctors/"",""source"":""https://www.healthpoint.co.nz/gps-accident-urgent-medical-care/gp/the-wood-street-doctors/"",""sourceQuality"":""Healthpoint GP listing; pending human source-excerpt review""}"
"gp-pack:gp-gilmore-family-medical-40-3626-175-6188","gp-gilmore-family-medical-40-3626-175-6188","Gilmore Family Medical","Manawatu-Whanganui","Manawatu-Wanganui","ready_for_source_capture","review_and_capture_source_excerpt","website","(06) 356 5099","06 356 5099","","https://www.healthpoint.co.nz/gps-accident-urgent-medical-care/gp/gilmore-family-medical/","healthpoint_gp_listing","phone; name; address","","","","","{""website"":""https://www.healthpoint.co.nz/gps-accident-urgent-medical-care/gp/gilmore-family-medical/"",""source"":""https://www.healthpoint.co.nz/gps-accident-urgent-medical-care/gp/gilmore-family-medical/"",""sourceQuality"":""Healthpoint GP listing; pending human source-excerpt review""}"
"gp-pack:gp-commercial-street-surgery-35-3806-174-0683","gp-commercial-street-surgery-35-3806-174-0683","Commercial Street Surgery","Northland","Kawakawa","ready_for_source_capture","review_and_capture_source_excerpt","website","(09) 404 0885","09 404 0885","","https://www.healthpoint.co.nz/gps-accident-urgent-medical-care/gp/commercial-street-surgery/","healthpoint_gp_listing","gp-corroboration-target; name; phone","","","","","{""website"":""https://www.healthpoint.co.nz/gps-accident-urgent-medical-care/gp/commercial-street-surgery/"",""source"":""https://www.healthpoint.co.nz/gps-accident-urgent-medical-care/gp/commercial-street-surgery/"",""sourceQuality"":""Healthpoint GP listing; pending human source-excerpt review""}"
"gp-pack:gp-james-street-doctors-35-7254-174-3209","gp-james-street-doctors-35-7254-174-3209","James Street Doctors","Northland","Whangārei","ready_for_source_capture","review_and_capture_source_excerpt","website","(09) 438 4172","09 438 4172","","https://www.healthpoint.co.nz/gps-accident-urgent-medical-care/gp/james-street-doctors/","healthpoint_gp_listing","phone; name; address","","","","","{""website"":""https://www.healthpoint.co.nz/gps-accident-urgent-medical-care/gp/james-street-doctors/"",""source"":""https://www.healthpoint.co.nz/gps-accident-urgent-medical-care/gp/james-street-doctors/"",""sourceQuality"":""Healthpoint GP listing; pending human source-excerpt review""}"
"gp-pack:gp-paihia-medical-services-35-2812-174-0915","gp-paihia-medical-services-35-2812-174-0915","Paihia Medical Services","Northland","Paihia","ready_for_source_capture","review_and_capture_source_excerpt","website","(09) 402 8407","09 402 8407","","https://www.healthpoint.co.nz/gps-accident-urgent-medical-care/gp/paihia-medical-services/","healthpoint_gp_listing","phone; name; address","","","","","{""website"":""https://www.healthpoint.co.nz/gps-accident-urgent-medical-care/gp/paihia-medical-services/"",""source"":""https://www.healthpoint.co.nz/gps-accident-urgent-medical-care/gp/paihia-medical-services/"",""sourceQuality"":""Healthpoint GP listing; pending human source-excerpt review""}"
"gp-pack:gp-otago-peninsula-medical-centre-45-8409-170-6534","gp-otago-peninsula-medical-centre-45-8409-170-6534","Otago Peninsula Medical Centre","Otago","Dunedin","ready_for_source_capture","review_and_capture_source_excerpt","website","(03) 478 0880","03 478 0880","","https://www.healthpoint.co.nz/gps-accident-urgent-medical-care/gp/otago-peninsula-medical-centre/","healthpoint_gp_listing","phone; name; address","","","","","{""website"":""https://www.healthpoint.co.nz/gps-accident-urgent-medical-care/gp/otago-peninsula-medical-centre/"",""source"":""https://www.healthpoint.co.nz/gps-accident-urgent-medical-care/gp/otago-peninsula-medical-centre/"",""sourceQuality"":""Healthpoint GP listing; pending human source-excerpt review""}"
"gp-pack:gp-eastside-medical-centre-39-0511-174-0976","gp-eastside-medical-centre-39-0511-174-0976","Eastside Medical Centre","Taranaki","New Plymouth","ready_for_source_capture","review_and_capture_source_excerpt","website","(06) 757 3111","06 757 3111","","https://www.healthpoint.co.nz/gps-accident-urgent-medical-care/gp/eastside-medical-centre/","healthpoint_gp_listing","phone; name; address","","","","","{""website"":""https://www.healthpoint.co.nz/gps-accident-urgent-medical-care/gp/eastside-medical-centre/"",""source"":""https://www.healthpoint.co.nz/gps-accident-urgent-medical-care/gp/eastside-medical-centre/"",""sourceQuality"":""Healthpoint GP listing; pending human source-excerpt review""}"
"gp-pack:gp-tukapa-medical-centre-39-0712-174-0620","gp-tukapa-medical-centre-39-0712-174-0620","Tukapa Medical Centre","Taranaki","New Plymouth","ready_for_source_capture","review_and_capture_source_excerpt","website","(06) 753 3070","06 753 3070","","https://www.healthpoint.co.nz/gps-accident-urgent-medical-care/gp/tukapa-medical-centre/","healthpoint_gp_listing","phone; name; address","","","","","{""website"":""https://www.healthpoint.co.nz/gps-accident-urgent-medical-care/gp/tukapa-medical-centre/"",""source"":""https://www.healthpoint.co.nz/gps-accident-urgent-medical-care/gp/tukapa-medical-centre/"",""sourceQuality"":""Healthpoint GP listing; pending human source-excerpt review""}"
"gp-pack:gp-kelburn-gps-41-2876-174-7656","gp-kelburn-gps-41-2876-174-7656","Kelburn GPs","Wellington","Kelburn","ready_for_source_capture","review_and_capture_source_excerpt","website","(04) 475 9801","04 475 9801","","https://www.healthpoint.co.nz/gps-accident-urgent-medical-care/gp/kelburn-gps/","healthpoint_gp_listing","phone; name; address","","","","","{""website"":""https://www.healthpoint.co.nz/gps-accident-urgent-medical-care/gp/kelburn-gps/"",""source"":""https://www.healthpoint.co.nz/gps-accident-urgent-medical-care/gp/kelburn-gps/"",""sourceQuality"":""Healthpoint GP listing; pending human source-excerpt review""}"
"gp-pack:gp-byron-medical-36-7906-174-7726","gp-byron-medical-36-7906-174-7726","Byron Medical","Auckland","Takapuna","ready_for_source_capture","review_and_capture_source_excerpt","website","(09) 486 2122","09 486 2122","","http://www.byronmedical.co.nz/","practice_or_network_site","phone; name","","","","","{""website"":""http://www.byronmedical.co.nz/"",""source"":""http://www.byronmedical.co.nz/"",""sourceQuality"":""practice or clinic network website; pending human source-excerpt review""}"
"gp-pack:gp-family-medicine-birkenhead-36-8103-174-7367","gp-family-medicine-birkenhead-36-8103-174-7367","Family Medicine Birkenhead","Auckland","North Shore","ready_for_source_capture","review_and_capture_source_excerpt","website","(09) 480 7204","09 480 7204","","http://www.familymedicine.co.nz/","practice_or_network_site","phone; name","","","","","{""website"":""http://www.familymedicine.co.nz/"",""source"":""http://www.familymedicine.co.nz/"",""sourceQuality"":""practice or clinic network website; pending human source-excerpt review""}"
"gp-pack:gp-palomino-medical-centre-36-8830-174-6152","gp-palomino-medical-centre-36-8830-174-6152","Palomino Medical Centre","Auckland","Henderson","ready_for_source_capture","review_and_capture_source_excerpt","website","(09) 836 4898","09 836 4898","","http://www.palominomedical.co.nz/","practice_or_network_site","phone; name","","","","","{""website"":""http://www.palominomedical.co.nz/"",""source"":""http://www.palominomedical.co.nz/"",""sourceQuality"":""practice or clinic network website; pending human source-excerpt review""}"
"gp-pack:gp-papakura-family-doctors-37-0569-174-9395","gp-papakura-family-doctors-37-0569-174-9395","Papakura Family Doctors","Auckland","Papakura","ready_for_source_capture","review_and_capture_source_excerpt","website","(09) 298 6378","09 298 6378","","http://www.pfmc.co.nz/","practice_or_network_site","phone; address","","","","","{""website"":""http://www.pfmc.co.nz/"",""source"":""http://www.pfmc.co.nz/"",""sourceQuality"":""practice or clinic network website; pending human source-excerpt review""}"
"gp-pack:gp-p-keno-family-health-37-2474-175-0240","gp-p-keno-family-health-37-2474-175-0240","Pōkeno Family Health","Auckland","Pōkeno","ready_for_source_capture","review_and_capture_source_excerpt","website","(09) 558 1294","09 558 1294","","https://pokenofamilyhealth.co.nz/","practice_or_network_site","phone; name","","","","","{""website"":""https://pokenofamilyhealth.co.nz/"",""source"":""https://pokenofamilyhealth.co.nz/"",""sourceQuality"":""practice or clinic network website; pending human source-excerpt review""}"
"gp-pack:gp-the-auckland-city-doctors-36-8570-174-7616","gp-the-auckland-city-doctors-36-8570-174-7616","The Auckland City Doctors","Auckland","Auckland","ready_for_source_capture","review_and_capture_source_excerpt","website","(09) 280 3555","09 280 3555","","http://www.akcitydoc.co.nz/","practice_or_network_site","phone; name","","","","","{""website"":""http://www.akcitydoc.co.nz/"",""source"":""http://www.akcitydoc.co.nz/"",""sourceQuality"":""practice or clinic network website; pending human source-excerpt review""}"
"gp-pack:gp-the-lakes-clinic-epsom-previously-epsom-medical-care-36-8863-174-7758","gp-the-lakes-clinic-epsom-previously-epsom-medical-care-36-8863-174-7758","The Lakes Clinic Epsom (previously Epsom Medical Care)","Auckland","Epsom","ready_for_source_capture","review_and_capture_source_excerpt","website","(09) 523 3488","09 523 3488","","https://lakesclinicepsom.co.nz/","practice_or_network_site","phone; address","","","","","{""website"":""https://lakesclinicepsom.co.nz/"",""source"":""https://lakesclinicepsom.co.nz/"",""sourceQuality"":""practice or clinic network website; pending human source-excerpt review""}"
"gp-pack:gp-te-whare-hauora-o-raungaiti-37-7387-175-7379","gp-te-whare-hauora-o-raungaiti-37-7387-175-7379","Te Whare Hauora o Raungaiti","Bay of Plenty","Waharoa","ready_for_source_capture","review_and_capture_source_excerpt","website","(07) 888 3921","07 888 3921","","https://twhor.org.nz/","practice_or_network_site","phone; name","","","","","{""website"":""https://twhor.org.nz/"",""source"":""https://twhor.org.nz/"",""sourceQuality"":""practice or clinic network website; pending human source-excerpt review""}"
"gp-pack:gp-avonhead-surgery-43-5130-172-5553","gp-avonhead-surgery-43-5130-172-5553","Avonhead Surgery","Canterbury","Christchurch","ready_for_source_capture","review_and_capture_source_excerpt","website","03 358 3300","03 358 3300","","http://www.avonheadsurgery.co.nz/","practice_or_network_site","phone; name","","","","","{""website"":""http://www.avonheadsurgery.co.nz/"",""source"":""http://www.avonheadsurgery.co.nz/"",""sourceQuality"":""practice or clinic network website; pending human source-excerpt review""}"
"gp-pack:gp-qe2-medical-centre-43-4950-172-7112","gp-qe2-medical-centre-43-4950-172-7112","QE2 Medical Centre","Canterbury","Christchurch","ready_for_source_capture","review_and_capture_source_excerpt","website","(03) 388 9120","03 388 9120","","http://www.qe2mc.co.nz/","practice_or_network_site","phone; address","","","","","{""website"":""http://www.qe2mc.co.nz/"",""source"":""http://www.qe2mc.co.nz/"",""sourceQuality"":""practice or clinic network website; pending human source-excerpt review""}"
"gp-pack:gp-florence-medical-centre-41-3415-173-1893","gp-florence-medical-centre-41-3415-173-1893","Florence Medical Centre","Nelson Marlborough Tasman","Tasman","ready_for_source_capture","review_and_capture_source_excerpt","website","(03) 544 8080","03 544 8080","","https://www.florencemed.co.nz/","practice_or_network_site","phone; name","","","","","{""website"":""https://www.florencemed.co.nz/"",""source"":""https://www.florencemed.co.nz/"",""sourceQuality"":""practice or clinic network website; pending human source-excerpt review""}"
"gp-pack:gp-waverley-health-45-8856-170-5281","gp-waverley-health-45-8856-170-5281","Waverley Health","Otago","Dunedin","ready_for_source_capture","review_and_capture_source_excerpt","website","(03) 454 3001","03 454 3001","","http://waverleyhealth.co.nz/","practice_or_network_site","phone; name","","","","","{""website"":""http://waverleyhealth.co.nz/"",""source"":""http://waverleyhealth.co.nz/"",""sourceQuality"":""practice or clinic network website; pending human source-excerpt review""}"
"gp-pack:gp-te-puhi-kai-ti-community-health-centre-38-6741-178-0511","gp-te-puhi-kai-ti-community-health-centre-38-6741-178-0511","Te Puhi Kai-ti Community Health Centre","Tairawhiti","Gisborne","ready_for_source_capture","review_and_capture_source_excerpt","website","(06) 867 8550","06 867 8550","","https://www.npo.org.nz/","practice_or_network_site","phone; address","","","","","{""website"":""https://www.npo.org.nz/"",""source"":""https://www.npo.org.nz/"",""sourceQuality"":""practice or clinic network website; pending human source-excerpt review""}"
"gp-pack:gp-alberton-medical-practice-36-8959-174-7319","gp-alberton-medical-practice-36-8959-174-7319","Alberton Medical Practice","Auckland","Sandringham","ready_for_source_capture","review_and_capture_source_excerpt","website","(09) 629 2088","09 629 2088","","https://www.healthpoint.co.nz/gps-accident-urgent-medical-care/gp/alberton-medical-practice/","healthpoint_gp_listing","phone; name","","","","","{""website"":""https://www.healthpoint.co.nz/gps-accident-urgent-medical-care/gp/alberton-medical-practice/"",""source"":""https://www.healthpoint.co.nz/gps-accident-urgent-medical-care/gp/alberton-medical-practice/"",""sourceQuality"":""Healthpoint GP listing; pending human source-excerpt review""}"
"gp-pack:gp-all-care-family-medical-centre-northcote-36-8071-174-7412","gp-all-care-family-medical-centre-northcote-36-8071-174-7412","All Care Family Medical Centre - Northcote","Auckland","Kaipātiki","ready_for_source_capture","review_and_capture_source_excerpt","website","(09) 419 1267","09 419 1267","","https://www.healthpoint.co.nz/gps-accident-urgent-medical-care/gp/all-care-family-medical-centre-northcote/","healthpoint_gp_listing","phone; name","","","","","{""website"":""https://www.healthpoint.co.nz/gps-accident-urgent-medical-care/gp/all-care-family-medical-centre-northcote/"",""source"":""https://www.healthpoint.co.nz/gps-accident-urgent-medical-care/gp/all-care-family-medical-centre-northcote/"",""sourceQuality"":""Healthpoint GP listing; pending human source-excerpt review""}"
"gp-pack:gp-doctors-on-jervois-36-8459-174-7414","gp-doctors-on-jervois-36-8459-174-7414","Doctors on Jervois","Auckland","Ponsonby","ready_for_source_capture","review_and_capture_source_excerpt","website","(09) 376 4920","09 376 4920","","https://www.healthpoint.co.nz/gps-accident-urgent-medical-care/general-practitioner/dr-jeffrey-fetherston/","healthpoint_gp_listing","phone; address","","","","","{""website"":""https://www.healthpoint.co.nz/gps-accident-urgent-medical-care/general-practitioner/dr-jeffrey-fetherston/"",""source"":""https://www.healthpoint.co.nz/gps-accident-urgent-medical-care/general-practitioner/dr-jeffrey-fetherston/"",""sourceQuality"":""Healthpoint GP listing; pending human source-excerpt review""}"
"gp-pack:gp-fellbrook-medical-centre-37-0205-174-8644","gp-fellbrook-medical-centre-37-0205-174-8644","Fellbrook Medical Centre","Auckland","Manurewa","ready_for_source_capture","review_and_capture_source_excerpt","website","(09) 269 0088","09 269 0088","","http://www.healthpoint.co.nz/doctors/gp/fellbrook-medical-centre/","healthpoint_gp_listing","phone; name","","","","","{""website"":""http://www.healthpoint.co.nz/doctors/gp/fellbrook-medical-centre/"",""source"":""http://www.healthpoint.co.nz/doctors/gp/fellbrook-medical-centre/"",""sourceQuality"":""Healthpoint GP listing; pending human source-excerpt review""}"
"gp-pack:gp-green-cross-clinic-36-7895-174-7689","gp-green-cross-clinic-36-7895-174-7689","Green Cross Clinic","Auckland","North Shore City","ready_for_source_capture","review_and_capture_source_excerpt","website","(09) 486 1001","09 486 1001","","https://www.healthpoint.co.nz/gps-accident-urgent-medical-care/gp/green-cross-clinic/","healthpoint_gp_listing","phone; name","","","","","{""website"":""https://www.healthpoint.co.nz/gps-accident-urgent-medical-care/gp/green-cross-clinic/"",""source"":""https://www.healthpoint.co.nz/gps-accident-urgent-medical-care/gp/green-cross-clinic/"",""sourceQuality"":""Healthpoint GP listing; pending human source-excerpt review""}"
"gp-pack:gp-healthcare-roskill-south-36-9212-174-7355","gp-healthcare-roskill-south-36-9212-174-7355","Healthcare Roskill South","Auckland","Mount Roskill","ready_for_source_capture","review_and_capture_source_excerpt","website","(09) 620 8573","09 620 8573","","https://www.healthpoint.co.nz/gps-accident-urgent-medical-care/gp/healthcare-roskill-south/","healthpoint_gp_listing","phone; name","","","","","{""website"":""https://www.healthpoint.co.nz/gps-accident-urgent-medical-care/gp/healthcare-roskill-south/"",""source"":""https://www.healthpoint.co.nz/gps-accident-urgent-medical-care/gp/healthcare-roskill-south/"",""sourceQuality"":""Healthpoint GP listing; pending human source-excerpt review""}"
"gp-pack:gp-hillside-medical-centre-36-9261-174-7493","gp-hillside-medical-centre-36-9261-174-7493","Hillside Medical Centre","Auckland","Hillsborough","ready_for_source_capture","review_and_capture_source_excerpt","website","(09) 625 9068","09 625 9068","","http://www.healthpoint.co.nz/doctors/gp/hillside-medical-centre/","healthpoint_gp_listing","phone; address","","","","","{""website"":""http://www.healthpoint.co.nz/doctors/gp/hillside-medical-centre/"",""source"":""http://www.healthpoint.co.nz/doctors/gp/hillside-medical-centre/"",""sourceQuality"":""Healthpoint GP listing; pending human source-excerpt review""}"
"gp-pack:gp-howick-medical-practice-36-8952-174-9335","gp-howick-medical-practice-36-8952-174-9335","Howick Medical Practice","Auckland","Howick","ready_for_source_capture","review_and_capture_source_excerpt","website","(09) 535 1610","09 535 1610","","https://www.healthpoint.co.nz/gps-accident-urgent-medical-care/gp/howick-medical-practice/","healthpoint_gp_listing","phone; name","","","","","{""website"":""https://www.healthpoint.co.nz/gps-accident-urgent-medical-care/gp/howick-medical-practice/"",""source"":""https://www.healthpoint.co.nz/gps-accident-urgent-medical-care/gp/howick-medical-practice/"",""sourceQuality"":""Healthpoint GP listing; pending human source-excerpt review""}"
"gp-pack:gp-k-road-medical-centre-36-8579-174-7572","gp-k-road-medical-centre-36-8579-174-7572","K' Road Medical Centre","Auckland","Newton","ready_for_source_capture","review_and_capture_source_excerpt","website","(09) 373 5041","09 373 5041","","https://www.healthpoint.co.nz/gps-accident-urgent-medical-care/gp/k-road-medical-centre/","healthpoint_gp_listing","phone; name","","","","","{""website"":""https://www.healthpoint.co.nz/gps-accident-urgent-medical-care/gp/k-road-medical-centre/"",""source"":""https://www.healthpoint.co.nz/gps-accident-urgent-medical-care/gp/k-road-medical-centre/"",""sourceQuality"":""Healthpoint GP listing; pending human source-excerpt review""}"
"gp-pack:gp-newton-medical-centre-36-8580-174-7570","gp-newton-medical-centre-36-8580-174-7570","Newton Medical Centre","Auckland","Newton","ready_for_source_capture","review_and_capture_source_excerpt","website","(09) 309 6871","09 309 6871","","http://www.healthpoint.co.nz/doctors/gp/newton-medical-centre/","healthpoint_gp_listing","phone; name","","","","","{""website"":""http://www.healthpoint.co.nz/doctors/gp/newton-medical-centre/"",""source"":""http://www.healthpoint.co.nz/doctors/gp/newton-medical-centre/"",""sourceQuality"":""Healthpoint GP listing; pending human source-excerpt review""}"
"gp-pack:gp-puhinui-medical-centre-36-9871-174-8606","gp-puhinui-medical-centre-36-9871-174-8606","Puhinui Medical Centre","Auckland","Papatoetoe","ready_for_source_capture","review_and_capture_source_excerpt","website","(09) 278 7733","09 278 7733","","https://www.healthpoint.co.nz/gps-accident-urgent-medical-care/gp/puhinui-medical-centre/","healthpoint_gp_listing","phone; name","","","","","{""website"":""https://www.healthpoint.co.nz/gps-accident-urgent-medical-care/gp/puhinui-medical-centre/"",""source"":""https://www.healthpoint.co.nz/gps-accident-urgent-medical-care/gp/puhinui-medical-centre/"",""sourceQuality"":""Healthpoint GP listing; pending human source-excerpt review""}"
"gp-pack:gp-rosebank-road-medical-services-ltd-36-8944-174-6968","gp-rosebank-road-medical-services-ltd-36-8944-174-6968","Rosebank Road Medical Services Ltd.","Auckland","Avondale","ready_for_source_capture","review_and_capture_source_excerpt","website","(09) 828 8237","09 828 8237","","https://www.healthpoint.co.nz/gps-accident-urgent-medical-care/gp/rosebank-road-medical-services-ltd/","healthpoint_gp_listing","phone; address","","","","","{""website"":""https://www.healthpoint.co.nz/gps-accident-urgent-medical-care/gp/rosebank-road-medical-services-ltd/"",""source"":""https://www.healthpoint.co.nz/gps-accident-urgent-medical-care/gp/rosebank-road-medical-services-ltd/"",""sourceQuality"":""Healthpoint GP listing; pending human source-excerpt review""}"
"gp-pack:gp-waiake-medical-centre-36-7084-174-7477","gp-waiake-medical-centre-36-7084-174-7477","Waiake Medical Centre","Auckland","Waiake","ready_for_source_capture","review_and_capture_source_excerpt","website","(09) 478 7660","09 478 7660","","https://www.healthpoint.co.nz/gps-accident-urgent-medical-care/gp/waiake-medical-centre/","healthpoint_gp_listing","phone; name","","","","","{""website"":""https://www.healthpoint.co.nz/gps-accident-urgent-medical-care/gp/waiake-medical-centre/"",""source"":""https://www.healthpoint.co.nz/gps-accident-urgent-medical-care/gp/waiake-medical-centre/"",""sourceQuality"":""Healthpoint GP listing; pending human source-excerpt review""}"
"gp-pack:gp-te-korowai-hauora-o-hauraki-paeroa-37-3817-175-6707","gp-te-korowai-hauora-o-hauraki-paeroa-37-3817-175-6707","Te Korowai Hauora o Hauraki - Paeroa","Bay of Plenty","Paeroa","ready_for_source_capture","review_and_capture_source_excerpt","website","(07) 862 9284","07 862 9284","","https://www.healthpoint.co.nz/gps-accident-urgent-medical-care/gp/te-korowai-hauora-o-hauraki-paeroa/","healthpoint_gp_listing","phone; name","","","","","{""website"":""https://www.healthpoint.co.nz/gps-accident-urgent-medical-care/gp/te-korowai-hauora-o-hauraki-paeroa/"",""source"":""https://www.healthpoint.co.nz/gps-accident-urgent-medical-care/gp/te-korowai-hauora-o-hauraki-paeroa/"",""sourceQuality"":""Healthpoint GP listing; pending human source-excerpt review""}"
"gp-pack:gp-coast-to-coast-health-care-36-1098-174-3543","gp-coast-to-coast-health-care-36-1098-174-3543","Coast To Coast Health Care","Northland","Maungaturoto","ready_for_source_capture","review_and_capture_source_excerpt","website","(09) 431 8576","09 431 8576","","https://www.healthpoint.co.nz/gps-accident-urgent-medical-care/gp/coast-to-coast-health-care/at/maungaturoto-medical-centre/","healthpoint_gp_listing","gp-corroboration-target; phone","","","","","{""website"":""https://www.healthpoint.co.nz/gps-accident-urgent-medical-care/gp/coast-to-coast-health-care/at/maungaturoto-medical-centre/"",""source"":""https://www.healthpoint.co.nz/gps-accident-urgent-medical-care/gp/coast-to-coast-health-care/at/maungaturoto-medical-centre/"",""sourceQuality"":""Healthpoint GP listing; pending human source-excerpt review""}"
"gp-pack:gp-hikurangi-medical-centre-35-5965-174-2857","gp-hikurangi-medical-centre-35-5965-174-2857","Hikurangi Medical Centre","Northland","Hikurangi","ready_for_source_capture","review_and_capture_source_excerpt","website","(09) 433 8799","09 433 8799","","https://www.healthpoint.co.nz/gps-accident-urgent-medical-care/gp/hikurangi-medical-centre/","healthpoint_gp_listing","gp-corroboration-target; phone","","","","","{""website"":""https://www.healthpoint.co.nz/gps-accident-urgent-medical-care/gp/hikurangi-medical-centre/"",""source"":""https://www.healthpoint.co.nz/gps-accident-urgent-medical-care/gp/hikurangi-medical-centre/"",""sourceQuality"":""Healthpoint GP listing; pending human source-excerpt review""}"
"gp-pack:gp-ngunguru-medical-centre-35-6269-174-5097","gp-ngunguru-medical-centre-35-6269-174-5097","Ngunguru Medical Centre","Northland","Ngunguru","ready_for_source_capture","review_and_capture_source_excerpt","website","(09) 434 3732","09 434 3732","","https://www.healthpoint.co.nz/gps-accident-urgent-medical-care/gp/ngunguru-medical-centre/","healthpoint_gp_listing","phone; name","","","","","{""website"":""https://www.healthpoint.co.nz/gps-accident-urgent-medical-care/gp/ngunguru-medical-centre/"",""source"":""https://www.healthpoint.co.nz/gps-accident-urgent-medical-care/gp/ngunguru-medical-centre/"",""sourceQuality"":""Healthpoint GP listing; pending human source-excerpt review""}"
"gp-pack:gp-te-aroha-noa-medical-centre-35-7235-174-3197","gp-te-aroha-noa-medical-centre-35-7235-174-3197","Te Aroha Noa Medical Centre","Northland","Whangārei","ready_for_source_capture","review_and_capture_source_excerpt","website","(09) 438 9777","09 438 9777","","https://www.healthpoint.co.nz/gps-accident-urgent-medical-care/gp/te-aroha-noa-medical-centre/","healthpoint_gp_listing","phone; name","","","","","{""website"":""https://www.healthpoint.co.nz/gps-accident-urgent-medical-care/gp/te-aroha-noa-medical-centre/"",""source"":""https://www.healthpoint.co.nz/gps-accident-urgent-medical-care/gp/te-aroha-noa-medical-centre/"",""sourceQuality"":""Healthpoint GP listing; pending human source-excerpt review""}"
"gp-pack:gp-gordon-road-medical-centre-45-8748-170-3472","gp-gordon-road-medical-centre-45-8748-170-3472","Gordon Road Medical Centre","Otago","Mosgiel","ready_for_source_capture","review_and_capture_source_excerpt","website","(03) 489 8881","03 489 8881","","https://www.healthpoint.co.nz/gps-accident-urgent-medical-care/gp/gordon-road-medical-centre/","healthpoint_gp_listing","phone; name","","","","","{""website"":""https://www.healthpoint.co.nz/gps-accident-urgent-medical-care/gp/gordon-road-medical-centre/"",""source"":""https://www.healthpoint.co.nz/gps-accident-urgent-medical-care/gp/gordon-road-medical-centre/"",""sourceQuality"":""Healthpoint GP listing; pending human source-excerpt review""}"
"gp-pack:gp-helensburgh-medical-centre-45-8534-170-4836","gp-helensburgh-medical-centre-45-8534-170-4836","Helensburgh Medical Centre","Otago","Dunedin","ready_for_source_capture","review_and_capture_source_excerpt","website","(03) 476 4565","03 476 4565","","https://www.healthpoint.co.nz/gps-accident-urgent-medical-care/gp/helensburgh-medical-centre/","healthpoint_gp_listing","phone; name","","","","","{""website"":""https://www.healthpoint.co.nz/gps-accident-urgent-medical-care/gp/helensburgh-medical-centre/"",""source"":""https://www.healthpoint.co.nz/gps-accident-urgent-medical-care/gp/helensburgh-medical-centre/"",""sourceQuality"":""Healthpoint GP listing; pending human source-excerpt review""}"
"gp-pack:gp-lakeview-clinic-38-1425-176-2528","gp-lakeview-clinic-38-1425-176-2528","Lakeview Clinic","Rotorua and Taupo","Rotorua","ready_for_source_capture","review_and_capture_source_excerpt","website","(07) 348 9119","07 348 9119","","https://www.healthpoint.co.nz/gps-accident-urgent-medical-care/gp/lakeview-clinic/","healthpoint_gp_listing","phone; name","","","","","{""website"":""https://www.healthpoint.co.nz/gps-accident-urgent-medical-care/gp/lakeview-clinic/"",""source"":""https://www.healthpoint.co.nz/gps-accident-urgent-medical-care/gp/lakeview-clinic/"",""sourceQuality"":""Healthpoint GP listing; pending human source-excerpt review""}"
"gp-pack:gp-temuka-family-practice-44-2416-171-2772","gp-temuka-family-practice-44-2416-171-2772","Temuka Family Practice","South Canterbury","Temuka","ready_for_source_capture","review_and_capture_source_excerpt","website","(03) 615 9920","03 615 9920","","https://www.healthpoint.co.nz/gps-accident-urgent-medical-care/gp/temuka-family-practice/","healthpoint_gp_listing","phone; name","","","","","{""website"":""https://www.healthpoint.co.nz/gps-accident-urgent-medical-care/gp/temuka-family-practice/"",""source"":""https://www.healthpoint.co.nz/gps-accident-urgent-medical-care/gp/temuka-family-practice/"",""sourceQuality"":""Healthpoint GP listing; pending human source-excerpt review""}"
"gp-pack:gp-bluff-medical-centre-46-6043-168-3503","gp-bluff-medical-centre-46-6043-168-3503","Bluff Medical Centre","Southland","Bluff","ready_for_source_capture","review_and_capture_source_excerpt","website","(03) 212 7337","03 212 7337","","https://www.healthpoint.co.nz/gps-accident-urgent-medical-care/gp/bluff-medical-centre/","healthpoint_gp_listing","phone; name","","","","","{""website"":""https://www.healthpoint.co.nz/gps-accident-urgent-medical-care/gp/bluff-medical-centre/"",""source"":""https://www.healthpoint.co.nz/gps-accident-urgent-medical-care/gp/bluff-medical-centre/"",""sourceQuality"":""Healthpoint GP listing; pending human source-excerpt review""}"
"gp-pack:gp-glengarry-medical-centre-46-4018-168-3855","gp-glengarry-medical-centre-46-4018-168-3855","Glengarry Medical Centre","Southland","Invercargill","ready_for_source_capture","review_and_capture_source_excerpt","website","(03) 217 4863","03 217 4863","","https://www.healthpoint.co.nz/gps-accident-urgent-medical-care/gp/glengarry-medical-centre/","healthpoint_gp_listing","phone; name","","","","","{""website"":""https://www.healthpoint.co.nz/gps-accident-urgent-medical-care/gp/glengarry-medical-centre/"",""source"":""https://www.healthpoint.co.nz/gps-accident-urgent-medical-care/gp/glengarry-medical-centre/"",""sourceQuality"":""Healthpoint GP listing; pending human source-excerpt review""}"
"gp-pack:gp-waikiwi-medical-centre-46-3792-168-3474","gp-waikiwi-medical-centre-46-3792-168-3474","Waikiwi Medical Centre","Southland","Invercargill","ready_for_source_capture","review_and_capture_source_excerpt","website","(03) 215 8000","03 215 8000","","https://www.healthpoint.co.nz/gps-accident-urgent-medical-care/gp/waikiwi-medical-centre/","healthpoint_gp_listing","phone; address","","","","","{""website"":""https://www.healthpoint.co.nz/gps-accident-urgent-medical-care/gp/waikiwi-medical-centre/"",""source"":""https://www.healthpoint.co.nz/gps-accident-urgent-medical-care/gp/waikiwi-medical-centre/"",""sourceQuality"":""Healthpoint GP listing; pending human source-excerpt review""}"
"gp-pack:gp-city-medical-centre-gisborne-38-6645-178-0226","gp-city-medical-centre-gisborne-38-6645-178-0226","City Medical Centre Gisborne","Tairawhiti","Gisborne","ready_for_source_capture","review_and_capture_source_excerpt","website","(06) 868 6104","06 868 6104","","https://www.healthpoint.co.nz/gps-accident-urgent-medical-care/gp/city-medical-centre-gisborne/","healthpoint_gp_listing","phone; address","","","","","{""website"":""https://www.healthpoint.co.nz/gps-accident-urgent-medical-care/gp/city-medical-centre-gisborne/"",""source"":""https://www.healthpoint.co.nz/gps-accident-urgent-medical-care/gp/city-medical-centre-gisborne/"",""sourceQuality"":""Healthpoint GP listing; pending human source-excerpt review""}"
"gp-pack:gp-de-lautour-medical-38-6683-178-0475","gp-de-lautour-medical-38-6683-178-0475","De Lautour Medical","Tairawhiti","Gisborne","ready_for_source_capture","review_and_capture_source_excerpt","website","(06) 867 4144","06 867 4144","","https://www.healthpoint.co.nz/gps-accident-urgent-medical-care/gp/de-lautour-medical/","healthpoint_gp_listing","phone; address","","","","","{""website"":""https://www.healthpoint.co.nz/gps-accident-urgent-medical-care/gp/de-lautour-medical/"",""source"":""https://www.healthpoint.co.nz/gps-accident-urgent-medical-care/gp/de-lautour-medical/"",""sourceQuality"":""Healthpoint GP listing; pending human source-excerpt review""}"
"gp-pack:gp-uawa-community-health-centre-38-3699-178-2957","gp-uawa-community-health-centre-38-3699-178-2957","Uawa Community Health Centre","Tairawhiti","Gisborne","ready_for_source_capture","review_and_capture_source_excerpt","website","(06) 862 6650","06 862 6650","","https://www.healthpoint.co.nz/gps-accident-urgent-medical-care/gp/uawa-community-health-centre/","healthpoint_gp_listing","phone; name","","","","","{""website"":""https://www.healthpoint.co.nz/gps-accident-urgent-medical-care/gp/uawa-community-health-centre/"",""source"":""https://www.healthpoint.co.nz/gps-accident-urgent-medical-care/gp/uawa-community-health-centre/"",""sourceQuality"":""Healthpoint GP listing; pending human source-excerpt review""}"
"gp-pack:gp-bellomo-family-health-39-0500-174-0947","gp-bellomo-family-health-39-0500-174-0947","Bellomo Family Health","Taranaki","New Plymouth","ready_for_source_capture","review_and_capture_source_excerpt","website","(06) 757 2222","06 757 2222","","http://www.healthpoint.co.nz/gps-accident-urgent-medical-care/gp/bellomo-family-health","healthpoint_gp_listing","phone; name","","","","","{""website"":""http://www.healthpoint.co.nz/gps-accident-urgent-medical-care/gp/bellomo-family-health"",""source"":""http://www.healthpoint.co.nz/gps-accident-urgent-medical-care/gp/bellomo-family-health"",""sourceQuality"":""Healthpoint GP listing; pending human source-excerpt review""}"
"gp-pack:gp-city-west-medical-centre-39-0625-174-0657","gp-city-west-medical-centre-39-0625-174-0657","City West Medical Centre","Taranaki","New Plymouth","ready_for_source_capture","review_and_capture_source_excerpt","website","(06) 758 0863","06 758 0863","","https://www.healthpoint.co.nz/gps-accident-urgent-medical-care/gp/city-west-medical-centre/","healthpoint_gp_listing","phone; name","","","","","{""website"":""https://www.healthpoint.co.nz/gps-accident-urgent-medical-care/gp/city-west-medical-centre/"",""source"":""https://www.healthpoint.co.nz/gps-accident-urgent-medical-care/gp/city-west-medical-centre/"",""sourceQuality"":""Healthpoint GP listing; pending human source-excerpt review""}"
"gp-pack:gp-eltham-health-centre-39-4313-174-2997","gp-eltham-health-centre-39-4313-174-2997","Eltham Health Centre","Taranaki","Eltham","ready_for_source_capture","review_and_capture_source_excerpt","website","(06) 764 8702","06 764 8702","","https://www.healthpoint.co.nz/gps-accident-urgent-medical-care/gp/eltham-health-centre/","healthpoint_gp_listing","phone; name","","","","","{""website"":""https://www.healthpoint.co.nz/gps-accident-urgent-medical-care/gp/eltham-health-centre/"",""source"":""https://www.healthpoint.co.nz/gps-accident-urgent-medical-care/gp/eltham-health-centre/"",""sourceQuality"":""Healthpoint GP listing; pending human source-excerpt review""}"
"gp-pack:gp-the-nest-health-centre-39-1561-174-2042","gp-the-nest-health-centre-39-1561-174-2042","The Nest Health Centre","Taranaki","Inglewood","ready_for_source_capture","review_and_capture_source_excerpt","website","(06) 756 7667","06 756 7667","","https://www.healthpoint.co.nz/gps-accident-urgent-medical-care/gp/the-nest-health-centre/","healthpoint_gp_listing","phone; name","","","","","{""website"":""https://www.healthpoint.co.nz/gps-accident-urgent-medical-care/gp/the-nest-health-centre/"",""source"":""https://www.healthpoint.co.nz/gps-accident-urgent-medical-care/gp/the-nest-health-centre/"",""sourceQuality"":""Healthpoint GP listing; pending human source-excerpt review""}"
"gp-pack:gp-duke-st-health-medical-centre-37-8950-175-4715","gp-duke-st-health-medical-centre-37-8950-175-4715","Duke St Health & Medical Centre","Waikato","Cambridge","ready_for_source_capture","review_and_capture_source_excerpt","website","(07) 823 0281","07 823 0281","","https://www.healthpoint.co.nz/gps-accident-urgent-medical-care/gp/duke-st-health-medical-centre/","healthpoint_gp_listing","phone; name","","","","","{""website"":""https://www.healthpoint.co.nz/gps-accident-urgent-medical-care/gp/duke-st-health-medical-centre/"",""source"":""https://www.healthpoint.co.nz/gps-accident-urgent-medical-care/gp/duke-st-health-medical-centre/"",""sourceQuality"":""Healthpoint GP listing; pending human source-excerpt review""}"
"gp-pack:gp-avalon-medical-centre-41-1977-174-9379","gp-avalon-medical-centre-41-1977-174-9379","Avalon Medical Centre","Wellington","Lower Hutt","ready_for_source_capture","review_and_capture_source_excerpt","website","(04) 567 7359","04 567 7359","","https://www.healthpoint.co.nz/gps-accident-urgent-medical-care/gp/avalon-medical-centre/","healthpoint_gp_listing","phone; name","","","","","{""website"":""https://www.healthpoint.co.nz/gps-accident-urgent-medical-care/gp/avalon-medical-centre/"",""source"":""https://www.healthpoint.co.nz/gps-accident-urgent-medical-care/gp/avalon-medical-centre/"",""sourceQuality"":""Healthpoint GP listing; pending human source-excerpt review""}"
"gp-pack:gp-the-doctors-tikipunga-35-6835-174-3230","gp-the-doctors-tikipunga-35-6835-174-3230","The Doctors Tikipunga","Northland","Whangārei","manual_compare_conflict","manual_compare_conflict","website","(09) 435 2528","09 435 2528","","http://www.thedoctors.co.nz/The-Doctors-Tikipunga","practice_or_network_site","gp-corroboration-target; name; phone; near-target-location; website-domain","gp-the-doctors-birkenhead-36-8074-174-7258; gp-the-doctors-drury-37-0982-174-9484; gp-the-doctors-fred-thomas-36-7912-174-7637; gp-the-doctors-huapai-36-7727-174-5461; gp-the-doctors-massey-medical-36-8349-174-6023","","","","{}"
"gp-pack:gp-pasefika-family-health-group-weymouth-medical-centre-37-0430-174-8656","gp-pasefika-family-health-group-weymouth-medical-centre-37-0430-174-8656","Pasefika Family Health Group - Weymouth Medical Centre","Auckland","Weymouth","manual_compare_conflict","manual_compare_conflict","website","(09) 528 9800","0800 332 203","","https://pasefikahealth.co.nz/","practice_or_network_site","website-domain; name; address","gp-pasefika-family-health-group-king-street-medical-centre-36-9826-174-8660; gp-pasefika-family-health-group-queens-road-medical-centre-36-9003-174-8561; gp-pasefika-family-health-group-roscommon-road-medical-centre-37-0332-174-8692","","","","{}"
"gp-pack:gp-rangiora-medical-good-street-43-3021-172-5938","gp-rangiora-medical-good-street-43-3021-172-5938","Rangiora Medical - Good Street","Canterbury","Rangiora","manual_compare_conflict","manual_compare_conflict","website","(03) 313 8262","03 313 8262","","https://rangioramedical.co.nz/","practice_or_network_site","phone; name; website-domain","gp-rangiora-medical-victoria-street-43-3086-172-5964","","","","{}"
"gp-pack:gp-wh-nau-ora-community-clinic-kaikohe-35-4081-173-7970","gp-wh-nau-ora-community-clinic-kaikohe-35-4081-173-7970","Whānau Ora Community Clinic - Kaikohe","Northland","Kaikohe","manual_compare_conflict","manual_compare_conflict","website","(09) 283 5580","0800 367 942","","http://www.whanauoracommunity.com/","practice_or_network_site","website-domain; phone; name","gp-wh-nau-ora-community-clinic-puhinui-road-36-9910-174-8512; gp-wh-nau-ora-community-clinic-pukekohe-37-2096-174-9097; gp-wh-nau-ora-community-clinic-te-waipounamu-43-5213-172-6990","","","","{}"
"gp-pack:gp-mt-albert-medical-centre-36-8856-174-7142","gp-mt-albert-medical-centre-36-8856-174-7142","Mt Albert Medical Centre","Auckland","Mount Albert","manual_compare_conflict","manual_compare_conflict","website","(09) 846 7493","09 846 7493","","https://www.mtalbertmedical.co.nz/","practice_or_network_site","phone; address","gp-assist-healthcare-36-8844-174-7164","","","","{}"
"gp-pack:gp-my-doctor-matakana-36-3534-174-7167","gp-my-doctor-matakana-36-3534-174-7167","My Doctor Matakana","Auckland","Matakana","manual_compare_conflict","manual_compare_conflict","website","(09) 553 4600","09 553 4600","","https://my-doctor.co.nz/","practice_or_network_site","website-domain; phone","gp-my-doctor-limited-36-8533-174-7863","","","","{}"
"gp-pack:gp-parnell-family-doctor-36-8594-174-7820","gp-parnell-family-doctor-36-8594-174-7820","Parnell Family Doctor","Auckland","Parnell","manual_compare_conflict","manual_compare_conflict","website","(09) 377 3362","09 377 4427","","http://www.parnellmedical.co.nz/","practice_or_network_site","phone; name","gp-parnell-medical-centre-36-8523-174-7861","","","","{}"
"gp-pack:gp-parnell-medical-centre-36-8523-174-7861","gp-parnell-medical-centre-36-8523-174-7861","Parnell Medical Centre","Auckland","Parnell","manual_compare_conflict","manual_compare_conflict","website","(09) 377 4427","09 377 4427","","http://www.parnellmedical.co.nz/","practice_or_network_site","phone; name","gp-parnell-family-doctor-36-8594-174-7820","","","","{}"
"gp-pack:gp-horowhenua-community-practice-40-6287-175-2838","gp-horowhenua-community-practice-40-6287-175-2838","Horowhenua Community Practice","Manawatu-Whanganui","Levin","manual_compare_conflict","manual_compare_conflict","website","(06) 368 8065","06 368 8065","","https://www.hcp.co.nz/","practice_or_network_site","phone; name","gp-horowhenua-community-practice-40-6200-175-2862","","","","{}"
"gp-pack:gp-horowhenua-community-practice-40-6200-175-2862","gp-horowhenua-community-practice-40-6200-175-2862","Horowhenua Community Practice","Manawatu-Whanganui","Manawatu-Wanganui","manual_compare_conflict","manual_compare_conflict","website","(06) 368 8065","06 368 8065","","https://www.hcp.co.nz/","practice_or_network_site","phone; name","gp-horowhenua-community-practice-40-6287-175-2838","","","","{}"
"gp-pack:gp-dr-k-magan-surgery-36-9661-174-8259","gp-dr-k-magan-surgery-36-9661-174-8259","Dr K Magan Surgery","Auckland","Māngere East","manual_compare_conflict","manual_compare_conflict","website","(09) 275 4763","09 275 8587","","http://www.healthpoint.co.nz/doctors/gp/mangere-east-medical-centre/","healthpoint_gp_listing","phone; name","gp-m-ngere-east-medical-centre-36-9665-174-8251","","","","{}"
"gp-pack:gp-family-health-care-medical-centre-36-8999-174-9088","gp-family-health-care-medical-centre-36-8999-174-9088","Family Health Care Medical Centre","Auckland","Highland Park","manual_compare_conflict","manual_compare_conflict","website","(09) 537 3208","09 537 3208","","https://www.healthpoint.co.nz/gps-accident-urgent-medical-care/gp/family-health-care-medical-centre/","healthpoint_gp_listing","phone; name","gp-eastern-family-doctors-36-9008-174-9047","","","","{}"
"gp-pack:gp-broadway-medical-chambers-40-3479-175-6257","gp-broadway-medical-chambers-40-3479-175-6257","Broadway Medical Chambers","Manawatu-Whanganui","Manawatu-Wanganui","manual_compare_conflict","manual_compare_conflict","website","(06) 358 9484","06 358 9484","","https://www.healthpoint.co.nz/gps-accident-urgent-medical-care/gp/broadway-medical-chambers/","healthpoint_gp_listing","phone; name","gp-gilmore-family-medical-40-3626-175-6188","","","","{}"
"gp-pack:gp-nightcaps-medical-centre-45-9704-168-0314","gp-nightcaps-medical-centre-45-9704-168-0314","Nightcaps Medical Centre","Southland","Nightcaps","manual_compare_conflict","manual_compare_conflict","website","(03) 225 7820","03 225 8099","","https://www.healthpoint.co.nz/gps-accident-urgent-medical-care/gp/otautau-medical-centre/","healthpoint_gp_listing","phone; name","gp-otautau-medical-centre-46-1445-167-9988","","","","{}"
"gp-pack:gp-otautau-medical-centre-46-1445-167-9988","gp-otautau-medical-centre-46-1445-167-9988","Otautau Medical Centre","Southland","Otautau","manual_compare_conflict","manual_compare_conflict","website","(03) 225 8099","03 225 8099","","https://www.healthpoint.co.nz/gps-accident-urgent-medical-care/gp/otautau-medical-centre/","healthpoint_gp_listing","phone; name","gp-nightcaps-medical-centre-45-9704-168-0314","","","","{}"
"gp-pack:gp-te-waiora-community-health-services-40-3700-175-2349","gp-te-waiora-community-health-services-40-3700-175-2349","Te Waiora Community Health Services","Manawatu-Whanganui","Himatangi Beach","manual_compare_conflict","manual_compare_conflict","website","06 363 6030","06 363 6030","","https://www.healthpoint.co.nz/gps-accident-urgent-medical-care/gp/te-waiora-community-health-services/","healthpoint_gp_listing","phone","gp-te-waiora-community-health-services-40-4677-175-2802; gp-te-waiora-community-health-services-40-5468-175-4120","","","","{}"
"gp-pack:gp-te-waiora-community-health-services-40-4677-175-2802","gp-te-waiora-community-health-services-40-4677-175-2802","Te Waiora Community Health Services","Manawatu-Whanganui","Manawatu-Wanganui","manual_compare_conflict","manual_compare_conflict","website","(06) 363 6030","06 363 6030","","https://www.healthpoint.co.nz/gps-accident-urgent-medical-care/gp/te-waiora-community-health-services/","healthpoint_gp_listing","phone","gp-te-waiora-community-health-services-40-5468-175-4120; gp-te-waiora-community-health-services-40-3700-175-2349","","","","{}"
"gp-pack:gp-te-waiora-community-health-services-40-5468-175-4120","gp-te-waiora-community-health-services-40-5468-175-4120","Te Waiora Community Health Services","Manawatu-Whanganui","Shannon","manual_compare_conflict","manual_compare_conflict","website","(06) 363 6030","06 363 6030","","https://www.healthpoint.co.nz/gps-accident-urgent-medical-care/gp/te-waiora-community-health-services/","healthpoint_gp_listing","phone","gp-te-waiora-community-health-services-40-4677-175-2802; gp-te-waiora-community-health-services-40-3700-175-2349","","","","{}"
"gp-pack:gp-airport-doctors-36-9962-174-7882","gp-airport-doctors-36-9962-174-7882","Airport Doctors","Auckland","Auckland Airport","source_lookup_needed","open_source_and_compare","website","(09) 256 8655","09 256 8655","","https://form.jotform.com/240162364571048","practice_or_network_site","phone","","","","","{""website"":""https://form.jotform.com/240162364571048"",""source"":""https://form.jotform.com/240162364571048"",""sourceQuality"":""practice or clinic network website; pending human source-excerpt review""}"
"gp-pack:gp-bank-street-medical-35-7212-174-3204","gp-bank-street-medical-35-7212-174-3204","Bank Street Medical","Northland","Whangārei","source_lookup_needed","open_source_and_compare","website","(09) 438 4379","09 438 4379","","https://bank-st-medical-whangrei.buzidi.com/","practice_or_network_site","phone","","","","","{""website"":""https://bank-st-medical-whangrei.buzidi.com/"",""source"":""https://bank-st-medical-whangrei.buzidi.com/"",""sourceQuality"":""practice or clinic network website; pending human source-excerpt review""}"
"gp-pack:gp-albany-street-medical-centre-dunedin-45-8661-170-5089","gp-albany-street-medical-centre-dunedin-45-8661-170-5089","Albany Street Medical Centre (Dunedin)","Otago","Dunedin","source_lookup_needed","open_source_and_compare","website","(03) 477 8812","03 477 8812","","http://albanystmed.co.nz/","practice_or_network_site","phone","","","","","{""website"":""http://albanystmed.co.nz/"",""source"":""http://albanystmed.co.nz/"",""sourceQuality"":""practice or clinic network website; pending human source-excerpt review""}"
"gp-pack:gp-t-tahi-bay-surgery-ltd-41-1089-174-8400","gp-t-tahi-bay-surgery-ltd-41-1089-174-8400","Tītahi Bay Surgery Ltd","Wellington","Porirua","source_lookup_needed","open_source_and_compare","website","(04) 236 8200","04 236 8200","","https://www.ccdhb.org.nz/our-services/find-a-gp/titahi-bay-surgery/","practice_or_network_site","phone","","","","","{""website"":""https://www.ccdhb.org.nz/our-services/find-a-gp/titahi-bay-surgery/"",""source"":""https://www.ccdhb.org.nz/our-services/find-a-gp/titahi-bay-surgery/"",""sourceQuality"":""practice or clinic network website; pending human source-excerpt review""}"
"gp-pack:gp-pukekohe-family-doctors-gp-37-2078-174-9083","gp-pukekohe-family-doctors-gp-37-2078-174-9083","Pukekohe Family Doctors - GP","Auckland","Pukekohe","source_lookup_needed","open_source_and_compare","website","(09) 238 6696","09 238 6696","","https://www.healthpoint.co.nz/gps-accident-urgent-medical-care/gp/pukekohe-family-doctors-1/","healthpoint_gp_listing","phone","","","","","{""website"":""https://www.healthpoint.co.nz/gps-accident-urgent-medical-care/gp/pukekohe-family-doctors-1/"",""source"":""https://www.healthpoint.co.nz/gps-accident-urgent-medical-care/gp/pukekohe-family-doctors-1/"",""sourceQuality"":""Healthpoint GP listing; pending human source-excerpt review""}"
"gp-pack:gp-rata-family-health-dr-mathieson-35-7230-174-3169","gp-rata-family-health-dr-mathieson-35-7230-174-3169","Rata Family Health - Dr Mathieson","Northland","Whangārei","source_lookup_needed","open_source_and_compare","website","(09) 438 4181","09 438 4181","","https://www.healthpoint.co.nz/gps-accident-urgent-medical-care/gp/rata-family-health-dr-mathieson/","healthpoint_gp_listing","phone","","","","","{""website"":""https://www.healthpoint.co.nz/gps-accident-urgent-medical-care/gp/rata-family-health-dr-mathieson/"",""source"":""https://www.healthpoint.co.nz/gps-accident-urgent-medical-care/gp/rata-family-health-dr-mathieson/"",""sourceQuality"":""Healthpoint GP listing; pending human source-excerpt review""}"
"gp-pack:gp-russell-medical-services-35-2611-174-1230","gp-russell-medical-services-35-2611-174-1230","Russell Medical Services","Northland","Russell","source_lookup_needed","open_source_and_compare","website","(09) 403 7690","09 403 7690","","https://www.healthpoint.co.nz/gps-accident-urgent-medical-care/gp/russell-medical-services/","healthpoint_gp_listing","phone","","","","","{""website"":""https://www.healthpoint.co.nz/gps-accident-urgent-medical-care/gp/russell-medical-services/"",""source"":""https://www.healthpoint.co.nz/gps-accident-urgent-medical-care/gp/russell-medical-services/"",""sourceQuality"":""Healthpoint GP listing; pending human source-excerpt review""}"
"gp-pack:gp-dr-n-p-e-schofield-37-9057-175-4759","gp-dr-n-p-e-schofield-37-9057-175-4759","Dr N.P.E Schofield","Waikato","Cambridge","source_lookup_needed","open_source_and_compare","website","(07) 827 6655","07 827 6655","","https://www.healthpoint.co.nz/gps-accident-urgent-medical-care/gp/dr-npe-schofield/","healthpoint_gp_listing","phone","","","","","{""website"":""https://www.healthpoint.co.nz/gps-accident-urgent-medical-care/gp/dr-npe-schofield/"",""source"":""https://www.healthpoint.co.nz/gps-accident-urgent-medical-care/gp/dr-npe-schofield/"",""sourceQuality"":""Healthpoint GP listing; pending human source-excerpt review""}"
"gp-pack:gp-wiri-family-doctors-37-0009-174-8893","gp-wiri-family-doctors-37-0009-174-8893","Wiri Family Doctors","Auckland","Wiri","source_lookup_needed","source_lookup_needed","website","(09) 263 6622","09 263 6622","","https://health365.co.nz/SGAccount/LogOn","booking_or_login_portal","phone; name; address","","","","","{}"
"gp-pack:gp-regan-street-health-centre-39-3383-174-2833","gp-regan-street-health-centre-39-3383-174-2833","Regan Street Health Centre","Taranaki","Stratford","source_lookup_needed","open_source_and_compare","website","(06) 765 6676","","","https://www.healthpoint.co.nz/gps-accident-urgent-medical-care/gp/regan-street-health-centre/","healthpoint_gp_listing","name","","","","","{""website"":""https://www.healthpoint.co.nz/gps-accident-urgent-medical-care/gp/regan-street-health-centre/"",""source"":""https://www.healthpoint.co.nz/gps-accident-urgent-medical-care/gp/regan-street-health-centre/"",""sourceQuality"":""Healthpoint GP listing; pending human source-excerpt review""}"
"gp-pack:gp-assist-healthcare-36-8844-174-7164","gp-assist-healthcare-36-8844-174-7164","Assist Healthcare","Auckland","Mount Albert","source_lookup_needed","source_lookup_needed","website","(09) 281 1900","09 281 1900","","","google_places_only","phone; name; address","","","","","{}"
"gp-pack:gp-northcote-point-doctors-36-8104-174-7418","gp-northcote-point-doctors-36-8104-174-7418","Northcote Point Doctors","Auckland","Northcote","source_lookup_needed","source_lookup_needed","website","(09) 480 9309","09 480 9309","","","google_places_only","phone; name; address","","","","","{}"
"gp-pack:gp-teo-medical-care-36-8624-174-6488","gp-teo-medical-care-36-8624-174-6488","Teo Medical Care","Auckland","Te Atatū South","source_lookup_needed","source_lookup_needed","website","(09) 834 7670","09 834 7670","","","google_places_only","phone; name; address","","","","","{}"
"gp-pack:gp-clarence-medical-centre-37-8030-175-2813","gp-clarence-medical-centre-37-8030-175-2813","Clarence Medical Centre","Waikato","Hamilton","source_lookup_needed","source_lookup_needed","website","(07) 838 3145","07 838 3145","","","google_places_only","phone; name; address","","","","","{}"
"gp-pack:gp-168-medical-centre-36-8780-174-7410","gp-168-medical-centre-36-8780-174-7410","168 ○ Medical Centre","Auckland","Sandringham","source_lookup_needed","source_lookup_needed","website","(09) 846 7311","09 846 7311","","","google_places_only","phone; address","","","","","{}"
"gp-pack:gp-integrated-medical-centre-36-8505-174-7750","gp-integrated-medical-centre-36-8505-174-7750","Integrated Medical Centre","Auckland","Parnell","source_lookup_needed","source_lookup_needed","website","(09) 817 6772","09 817 6772","","","google_places_only","phone; name","","","","","{}"
"gp-pack:gp-m-ngere-east-medical-centre-36-9665-174-8251","gp-m-ngere-east-medical-centre-36-9665-174-8251","Māngere East Medical Centre","Auckland","Māngere East","source_lookup_needed","source_lookup_needed","website","(09) 275 8587","09 275 7954","","","google_places_only","gp-corroboration-target; name","","","","","{}"
"gp-pack:gp-manukau-family-doctors-36-9841-174-8785","gp-manukau-family-doctors-36-9841-174-8785","Manukau Family Doctors","Auckland","Manukau","source_lookup_needed","source_lookup_needed","website","(09) 277 5777","09 277 5777","","","google_places_only","phone; name","","","","","{}"
"gp-pack:gp-queen-street-medical-centre-36-9463-174-8442","gp-queen-street-medical-centre-36-9463-174-8442","Queen Street Medical Centre","Auckland","Ōtāhuhu","source_lookup_needed","source_lookup_needed","website","(09) 276 5566","09 276 5566","","","google_places_only","phone; address","","","","","{}"
"gp-pack:gp-tararua-medical-centre-40-6235-175-2905","gp-tararua-medical-centre-40-6235-175-2905","Tararua Medical Centre","Manawatu-Whanganui","Manawatu-Wanganui","source_lookup_needed","source_lookup_needed","website","(06) 368 0950","06 368 0950","","","google_places_only","phone; name","","","","","{}"
"gp-pack:gp-bream-bay-medical-centre-35-8750-174-4553","gp-bream-bay-medical-centre-35-8750-174-4553","Bream Bay Medical Centre","Northland","Ruakākā","source_lookup_needed","source_lookup_needed","website","(09) 432 8060","09 432 8060","","","google_places_only","phone; name","","","","","{}"
"gp-pack:gp-green-island-family-healthcare-45-9028-170-4301","gp-green-island-family-healthcare-45-9028-170-4301","Green Island Family Healthcare","Otago","Dunedin","source_lookup_needed","source_lookup_needed","website","(03) 488 2222","03 488 2222","","","google_places_only","phone; address","","","","","{}"
"gp-pack:gp-portsea-medical-practice-45-8820-170-4928","gp-portsea-medical-practice-45-8820-170-4928","Portsea Medical Practice","Otago","Dunedin","source_lookup_needed","source_lookup_needed","website","(03) 742 2162","03 742 2162","","","google_places_only","phone; name","","","","","{}"
"gp-pack:gp-riverton-medical-centre-46-3497-168-0166","gp-riverton-medical-centre-46-3497-168-0166","Riverton Medical Centre","Southland","Riverton","source_lookup_needed","source_lookup_needed","website","(03) 234 8290","03 234 8290","","","google_places_only","phone; name","","","","","{}"
"gp-pack:gp-full-circle-medical-39-1561-174-2042","gp-full-circle-medical-39-1561-174-2042","Full Circle Medical","Taranaki","Inglewood","source_lookup_needed","source_lookup_needed","website","(06) 756 7227","06 756 7227","","","google_places_only","phone; name","","","","","{}"
"gp-pack:gp-kuripuni-medical-centre-40-9584-175-6494","gp-kuripuni-medical-centre-40-9584-175-6494","Kuripuni Medical Centre","Wairarapa","Masterton","source_lookup_needed","source_lookup_needed","website","(06) 377 4093","06 377 4093","","","google_places_only","phone; name","","","","","{}"
"gp-pack:gp-coast-to-coast-health-care-paparoa-medical-centre-36-1021-174-2330","gp-coast-to-coast-health-care-paparoa-medical-centre-36-1021-174-2330","Coast To Coast Health Care - Paparoa Medical Centre","Northland","Paparoa","source_lookup_needed","source_lookup_needed","website","(09) 431 7222","","","","google_places_only","gp-corroboration-target; name; near-target-location","","","","","{}"
"gp-pack:gp-coast-to-coast-health-care-36-4116-174-6549","gp-coast-to-coast-health-care-36-4116-174-6549","Coast To Coast Health Care","Auckland","Warkworth","source_lookup_needed","source_lookup_needed","website","(09) 425 8585","09 425 8585","","","google_places_only","phone","","","","","{}"
"gp-pack:gp-dr-upsdell-s-surgery-36-9725-174-8341","gp-dr-upsdell-s-surgery-36-9725-174-8341","Dr Upsdell's Surgery","Auckland","Māngere East","source_lookup_needed","source_lookup_needed","website","(09) 278 7214","09 278 7214","","","google_places_only","phone","","","","","{}"
"gp-pack:gp-dr-zhuang-wah-surgery-36-8483-174-7443","gp-dr-zhuang-wah-surgery-36-8483-174-7443","Dr Zhuang & Wah Surgery","Auckland","Ponsonby","source_lookup_needed","source_lookup_needed","website","(09) 376 2760","09 376 2760","","","google_places_only","phone","","","","","{}"
"gp-pack:gp-dr-shorts-surgery-dannevirke-40-2036-176-0966","gp-dr-shorts-surgery-dannevirke-40-2036-176-0966","Dr Shorts Surgery Dannevirke","Manawatu-Whanganui","Tararua","source_lookup_needed","source_lookup_needed","website","(06) 374 8892","06 374 8892","","","google_places_only","phone","","","","","{}"
"gp-pack:gp-outram-medical-centre-45-8604-170-2289","gp-outram-medical-centre-45-8604-170-2289","Outram Medical Centre","Otago","Outram","source_lookup_needed","source_lookup_needed","website","(03) 486 2150","03 486 2150","","","google_places_only","phone","","","","","{}"
"gp-pack:gp-queens-park-general-practice-ltd-46-4066-168-3530","gp-queens-park-general-practice-ltd-46-4066-168-3530","Queens Park General Practice Ltd","Southland","Invercargill","source_lookup_needed","source_lookup_needed","website","(03) 218 3189 ext 1","03 218 3189","","","google_places_only","address","","","","","{}"
"gp-pack:gp-dr-k-pillay-ltd-37-8833-175-4638","gp-dr-k-pillay-ltd-37-8833-175-4638","Dr K Pillay LTD","Waikato","Cambridge","source_lookup_needed","source_lookup_needed","website","(07) 827 9933","07 827 9933","","","google_places_only","phone","","","","","{}"
"gp-pack:gp-horizon-health-35-7242-174-3188","gp-horizon-health-35-7242-174-3188","Horizon Health","Northland","Whangārei","source_lookup_needed","source_lookup_needed","website","(09) 438 2181","","","","google_places_only","name","","","","","{}"
"gp-pack:gp-te-manu-aute-whare-oranga-37-0252-174-8573","gp-te-manu-aute-whare-oranga-37-0252-174-8573","Te Manu Aute Whare Oranga","Auckland","Clendon Park","source_lookup_needed","source_lookup_needed","website","(09) 640 0824","","","","","","","","","","{}"
"gp-pack:gp-bulls-medical-centre-40-1739-175-3862","gp-bulls-medical-centre-40-1739-175-3862","Bulls Medical Centre","Manawatu-Whanganui","Manawatu-Wanganui","source_lookup_needed","source_lookup_needed","website","(06) 322 1222","","","","","","","","","","{}"
"gp-pack:gp-te-ara-tu-o-ng-ti-hine-35-3882-174-0126","gp-te-ara-tu-o-ng-ti-hine-35-3882-174-0126","Te Ara Tu o Ngāti Hine","Northland","Moerewa","source_lookup_needed","source_lookup_needed","website","(09) 404 0241","","","","","","","","","","{}"
"gp-pack:gp-hirsch-ford-medical-44-3949-171-2480","gp-hirsch-ford-medical-44-3949-171-2480","Hirsch-Ford Medical","South Canterbury","Timaru","source_lookup_needed","source_lookup_needed","website","(03) 684 5154","","","","","","","","","","{}"
"gp-pack:gp-wood-medical-services-42-4442-171-1960","gp-wood-medical-services-42-4442-171-1960","Wood Medical Services","West Coast","Greymouth","source_lookup_needed","source_lookup_needed","website","027 260 5131","","","","","","","","","","{}"
