packId,providerId,name,type,region,city,issueType,priority,batchKey,currentAddress,currentLat,currentLon,candidateName,candidateAddress,candidateLat,candidateLon,matchStrength,matchSignals,candidateSource,draftCorrectedFields
"location-pack:national-pathways-primary-mental-health","national-pathways-primary-mental-health","Pathways Primary Mental Health Services","public-service","National","Auckland, Hauraki, Hamilton, Tauranga, Rotorua, Taupo, Wairarapa, Wellington, Nelson, Christchurch","coordinate_gap_candidate","ready_for_location_review","location-review:coordinate_gap_candidate:ready_for_location_review:strong_match:public-service","Salmond House, 57 Vivian Street, Te Aro, Wellington 6011","","","Pathways","Salmond House 57 Vivian Street, Te Aro, Wellington 6011","-41.2959634","174.7780818","strong_match","phone; website-domain; address","https://maps.google.com/?cid=17396461479885018090&g_mp=Cidnb29nbGUubWFwcy5wbGFjZXMudjEuUGxhY2VzLlNlYXJjaFRleHQQAhgEIAA","{""lat"":-41.2959634,""lon"":174.7780818,""coordinateSource"":""google_places_candidate_pending_human_review"",""coordinatePrecision"":""business listing"",""coordinateConfidence"":""medium"",""geocodeNeedsManualReview"":true}"
"location-pack:wellington-rebecca-webster-clinical-psychologist","wellington-rebecca-webster-clinical-psychologist","Rebecca Webster Clinical Psychologist","psychologist","Wellington","Te Aro","coordinate_gap_candidate","ready_for_location_review","location-review:coordinate_gap_candidate:ready_for_location_review:strong_match:psychologist","ClinicalSpaces, Level 9, 2 Manners Street, Te Aro, Wellington","","","Psych Clinic","1 Willeston Street, Wellington Central, Wellington 6011","-41.287149","174.7779622","strong_match","phone; website-domain","https://maps.google.com/?cid=3234919959540779367&g_mp=Cidnb29nbGUubWFwcy5wbGFjZXMudjEuUGxhY2VzLlNlYXJjaFRleHQQAhgEIAA","{""lat"":-41.287149,""lon"":174.7779622,""coordinateSource"":""google_places_candidate_pending_human_review"",""coordinatePrecision"":""business listing"",""coordinateConfidence"":""medium"",""geocodeNeedsManualReview"":true}"
"location-pack:wellington-vincents-art-workshop","wellington-vincents-art-workshop","Vincents Art Workshop","public-service","Wellington","Wellington","coordinate_gap_candidate","ready_for_location_review","location-review:coordinate_gap_candidate:ready_for_location_review:strong_match:public-service","Willis St Village, 5/148 Willis Street, Wellington","","","Vincents Art Workshop","Village, 5/148 Willis Street, Te Aro, Wellington 6011","-41.2897843","174.7737403","strong_match","phone; website-domain; name","https://maps.google.com/?cid=17298616508259122875&g_mp=Cidnb29nbGUubWFwcy5wbGFjZXMudjEuUGxhY2VzLlNlYXJjaFRleHQQAhgEIAA","{""lat"":-41.2897843,""lon"":174.7737403,""coordinateSource"":""google_places_candidate_pending_human_review"",""coordinatePrecision"":""business listing"",""coordinateConfidence"":""medium"",""geocodeNeedsManualReview"":true}"
"location-pack:wellington-evolve-youth-service","wellington-evolve-youth-service","Evolve Wellington Youth Service","youth","Wellington","Wellington","coordinate_gap_candidate","ready_for_location_review","location-review:coordinate_gap_candidate:ready_for_location_review:strong_match:youth","Level 2, James Smith Building, Corner Cuba and Manners Streets, Wellington","","","Evolve Wellington Youth Service","James Smith Building Corner Cuba & Level 2/Manners Street, Te Aro, Wellington 6011","-41.291214","174.77688279999998","strong_match","website-domain; name","https://maps.google.com/?cid=1505253160580619805&g_mp=Cidnb29nbGUubWFwcy5wbGFjZXMudjEuUGxhY2VzLlNlYXJjaFRleHQQAhgEIAA","{""lat"":-41.291214,""lon"":174.77688279999998,""coordinateSource"":""google_places_candidate_pending_human_review"",""coordinatePrecision"":""business listing"",""coordinateConfidence"":""medium"",""geocodeNeedsManualReview"":true}"
"location-pack:west-coast-proactive-greymouth-psychology","west-coast-proactive-greymouth-psychology","Proactive Greymouth","psychologist","West Coast","Greymouth","coordinate_gap_candidate","ready_for_location_review","location-review:coordinate_gap_candidate:ready_for_location_review:strong_match:psychologist","Unit D/64 High Street, Greymouth 7805","","","Proactive Healthcare Greymouth - Physio, Health & Wellbeing & Occupational Health","Unit D/64 High Street, Greymouth 7805","-42.4598774","171.2011321","strong_match","website-domain; address","https://maps.google.com/?cid=8911264060971909038&g_mp=Cidnb29nbGUubWFwcy5wbGFjZXMudjEuUGxhY2VzLlNlYXJjaFRleHQQAhgEIAA","{""lat"":-42.4598774,""lon"":171.2011321,""coordinateSource"":""google_places_candidate_pending_human_review"",""coordinatePrecision"":""business listing"",""coordinateConfidence"":""medium"",""geocodeNeedsManualReview"":true}"
"location-pack:manawatu-whanganui-healthnz-cmhas","manawatu-whanganui-healthnz-cmhas","Whanganui Community Mental Health & Addiction Service","public-service","Manawatu-Whanganui","Whanganui / Marton / Taihape","coordinate_gap_candidate","ready_for_location_review","location-review:coordinate_gap_candidate:ready_for_location_review:strong_match:public-service","Te Kopae Building, Whanganui Hospital","","","Community Mental Health And Addiction Service","Acute Services Building Building G/100 Heads Road, Gonville, Whanganui 4501","-39.9431145","175.0378672","strong_match","coordinate-gap-target; name","https://maps.google.com/?cid=17163679779847834004&g_mp=Cidnb29nbGUubWFwcy5wbGFjZXMudjEuUGxhY2VzLlNlYXJjaFRleHQQAhgEIAA","{""lat"":-39.9431145,""lon"":175.0378672,""coordinateSource"":""google_places_candidate_pending_human_review"",""coordinatePrecision"":""business listing"",""coordinateConfidence"":""medium"",""geocodeNeedsManualReview"":true}"
"location-pack:wairarapa-oasis-gambling-support","wairarapa-oasis-gambling-support","Oasis Wairarapa","addiction","Wairarapa","Masterton","coordinate_gap_candidate","ready_for_location_review","location-review:coordinate_gap_candidate:ready_for_location_review:probable_match:addiction","Wairarapa Community Centre, 41 Perry Street, Masterton","","","The Salvation Army Oasis","41 Perry Street, Masterton 5810","-40.948381600000005","175.6578587","probable_match","phone","https://maps.google.com/?cid=3383020092679400429&g_mp=Cidnb29nbGUubWFwcy5wbGFjZXMudjEuUGxhY2VzLlNlYXJjaFRleHQQAhgEIAA","{""lat"":-40.948381600000005,""lon"":175.6578587,""coordinateSource"":""google_places_candidate_pending_human_review"",""coordinatePrecision"":""business listing"",""coordinateConfidence"":""medium"",""geocodeNeedsManualReview"":true}"
"location-pack:wellington-cbt-clinic","wellington-cbt-clinic","CBT Clinic","psychologist","Wellington","Wellington CBD","coordinate_gap_candidate","ready_for_location_review","location-review:coordinate_gap_candidate:ready_for_location_review:probable_match:psychologist","Level 6, AMI Plaza, 342-352 Lambton Quay, Wellington","","","Cognitive Behaviour Therapy Clinic","Level 6, AMI Plaza 342 Lambton Quay, Central, Wellington 6011","-41.285900999999996","174.77576399999998","probable_match","website-domain","https://maps.google.com/?cid=17137063893502447954&g_mp=Cidnb29nbGUubWFwcy5wbGFjZXMudjEuUGxhY2VzLlNlYXJjaFRleHQQAhgEIAA","{""lat"":-41.285900999999996,""lon"":174.77576399999998,""coordinateSource"":""google_places_candidate_pending_human_review"",""coordinatePrecision"":""business listing"",""coordinateConfidence"":""medium"",""geocodeNeedsManualReview"":true}"
"location-pack:rotorua-taupo-progress-to-health","rotorua-taupo-progress-to-health","Progress to Health Taupo","public-service","Rotorua and Taupo","Taupo","missing_address","manual_compare_conflict","location-review:missing_address:manual_compare_conflict:strong_match:public-service","","","","Progress To Health Taranaki","36 Devon Street West, New Plymouth Central, New Plymouth 4310","-39.0579245","174.0731644","strong_match","website-domain; name; coordinate-gap-address-search-needs-review","https://maps.google.com/?cid=14045274664057977012&g_mp=Cidnb29nbGUubWFwcy5wbGFjZXMudjEuUGxhY2VzLlNlYXJjaFRleHQQAhgEIAA","{""address"":""36 Devon Street West, New Plymouth Central, New Plymouth 4310"",""lat"":-39.0579245,""lon"":174.0731644,""coordinateSource"":""google_places_candidate_pending_human_review"",""coordinatePrecision"":""business listing"",""coordinateConfidence"":""medium"",""geocodeNeedsManualReview"":true}"
"location-pack:taranaki-mhsop","taranaki-mhsop","Mental Health Services for Older People | Taranaki","public-service","Taranaki","New Plymouth and Hawera","coordinate_gap_candidate","manual_compare_conflict","location-review:coordinate_gap_candidate:manual_compare_conflict:strong_match:public-service","Te Puna Waiora, Taranaki Base Hospital, David Street, New Plymouth","","","Progress To Health Taranaki","36 Devon Street West, New Plymouth Central, New Plymouth 4310","-39.0579245","174.0731644","strong_match","website-domain; name; coordinate-gap-address-search-needs-review","https://maps.google.com/?cid=14045274664057977012&g_mp=Cidnb29nbGUubWFwcy5wbGFjZXMudjEuUGxhY2VzLlNlYXJjaFRleHQQAhgEIAA","{""lat"":-39.0579245,""lon"":174.0731644,""coordinateSource"":""google_places_candidate_pending_human_review"",""coordinatePrecision"":""business listing"",""coordinateConfidence"":""medium"",""geocodeNeedsManualReview"":true}"
"location-pack:taranaki-progress-to-health","taranaki-progress-to-health","Progress to Health Taranaki","public-service","Taranaki","Taranaki","missing_address","manual_compare_conflict","location-review:missing_address:manual_compare_conflict:strong_match:public-service","","","","Progress To Health Taranaki","36 Devon Street West, New Plymouth Central, New Plymouth 4310","-39.0579245","174.0731644","strong_match","website-domain; name; coordinate-gap-address-search-needs-review","https://maps.google.com/?cid=14045274664057977012&g_mp=Cidnb29nbGUubWFwcy5wbGFjZXMudjEuUGxhY2VzLlNlYXJjaFRleHQQAhgEIAA","{""address"":""36 Devon Street West, New Plymouth Central, New Plymouth 4310"",""lat"":-39.0579245,""lon"":174.0731644,""coordinateSource"":""google_places_candidate_pending_human_review"",""coordinatePrecision"":""business listing"",""coordinateConfidence"":""medium"",""geocodeNeedsManualReview"":true}"
"location-pack:waikato-progress-to-health","waikato-progress-to-health","Progress to Health Waikato","public-service","Waikato","Hamilton","location_review","manual_compare_conflict","location-review:location_review:manual_compare_conflict:strong_match:public-service","18 Rostrevor Street, Hamilton","-37.7807093","175.2786117","Progress To Health Taranaki","36 Devon Street West, New Plymouth Central, New Plymouth 4310","-39.0579245","174.0731644","strong_match","website-domain; name; coordinate-gap-address-search-needs-review","https://maps.google.com/?cid=14045274664057977012&g_mp=Cidnb29nbGUubWFwcy5wbGFjZXMudjEuUGxhY2VzLlNlYXJjaFRleHQQAhgEIAA","{}"
"location-pack:wairarapa-pathways-masterton","wairarapa-pathways-masterton","Pathways Masterton","public-service","Wairarapa","Masterton","coordinate_gap_candidate","manual_compare_conflict","location-review:coordinate_gap_candidate:manual_compare_conflict:strong_match:public-service","Level 1, Departmental Building, 35-37 Chapel Street, Masterton","","","Pathways Masterton","Level 1, The Departmental Building 35/37 Chapel Street, Masterton 5810","-40.9483493","175.6626042","strong_match","website-domain; phone; name","https://maps.google.com/?cid=17306875086551238606&g_mp=Cidnb29nbGUubWFwcy5wbGFjZXMudjEuUGxhY2VzLlNlYXJjaFRleHQQAhgEIAA","{""lat"":-40.9483493,""lon"":175.6626042,""coordinateSource"":""google_places_candidate_pending_human_review"",""coordinatePrecision"":""business listing"",""coordinateConfidence"":""medium"",""geocodeNeedsManualReview"":true}"
"location-pack:gp-te-nikau-health-centre-42-4633-171-1921","gp-te-nikau-health-centre-42-4633-171-1921","Te Nikau Health Centre","gp","West Coast","Default","location_review","manual_compare_conflict","location-review:location_review:manual_compare_conflict:strong_match:gp","71 Waterwalk Road, Greymouth, Default 7805","-42.4632728","171.1920973","West Coast District Health Board","Te Nīkau Hospital & Health Centre, 71 Water Walk Road, Greymouth 7805","-42.4624892","171.1937132","strong_match","coordinate-gap-address-search-needs-review; phone; website-domain","https://maps.google.com/?cid=1081127275368922640&g_mp=Cidnb29nbGUubWFwcy5wbGFjZXMudjEuUGxhY2VzLlNlYXJjaFRleHQQAhgEIAA","{}"
"location-pack:west-coast-adult-community-mental-health","west-coast-adult-community-mental-health","Adult Community Mental Health Services | West Coast","public-service","West Coast","Greymouth, Hokitika, and Westport","coordinate_gap_candidate","manual_compare_conflict","location-review:coordinate_gap_candidate:manual_compare_conflict:strong_match:public-service","Te Nikau Grey Hospital, 71 Water Walk Road, Greymouth","","","West Coast District Health Board","Te Nīkau Hospital & Health Centre, 71 Water Walk Road, Greymouth 7805","-42.4624892","171.1937132","strong_match","coordinate-gap-address-search-needs-review; phone; website-domain","https://maps.google.com/?cid=1081127275368922640&g_mp=Cidnb29nbGUubWFwcy5wbGFjZXMudjEuUGxhY2VzLlNlYXJjaFRleHQQAhgEIAA","{""lat"":-42.4624892,""lon"":171.1937132,""coordinateSource"":""google_places_candidate_pending_human_review"",""coordinatePrecision"":""business listing"",""coordinateConfidence"":""medium"",""geocodeNeedsManualReview"":true}"
"location-pack:west-coast-healthnz-mental-health-addiction","west-coast-healthnz-mental-health-addiction","West Coast Mental Health and Addiction Services","public-service","West Coast","West Coast","missing_address","manual_compare_conflict","location-review:missing_address:manual_compare_conflict:strong_match:public-service","","","","West Coast District Health Board","Te Nīkau Hospital & Health Centre, 71 Water Walk Road, Greymouth 7805","-42.4624892","171.1937132","strong_match","coordinate-gap-address-search-needs-review; phone; website-domain","https://maps.google.com/?cid=1081127275368922640&g_mp=Cidnb29nbGUubWFwcy5wbGFjZXMudjEuUGxhY2VzLlNlYXJjaFRleHQQAhgEIAA","{""address"":""Te Nīkau Hospital & Health Centre, 71 Water Walk Road, Greymouth 7805"",""lat"":-42.4624892,""lon"":171.1937132,""coordinateSource"":""google_places_candidate_pending_human_review"",""coordinatePrecision"":""business listing"",""coordinateConfidence"":""medium"",""geocodeNeedsManualReview"":true}"
"location-pack:west-coast-camhs","west-coast-camhs","Child and Adolescent Mental Health Services | West Coast","youth","West Coast","Greymouth and wider West Coast","coordinate_gap_candidate","manual_compare_conflict","location-review:coordinate_gap_candidate:manual_compare_conflict:strong_match:youth","Te Nikau Grey Hospital, 71 Water Walk Road, Greymouth","","","West Coast District Health Board","Te Nīkau Hospital & Health Centre, 71 Water Walk Road, Greymouth 7805","-42.4624892","171.1937132","strong_match","coordinate-gap-address-search-needs-review; phone; website-domain","https://maps.google.com/?cid=1081127275368922640&g_mp=Cidnb29nbGUubWFwcy5wbGFjZXMudjEuUGxhY2VzLlNlYXJjaFRleHQQAhgEIAA","{""lat"":-42.4624892,""lon"":171.1937132,""coordinateSource"":""google_places_candidate_pending_human_review"",""coordinatePrecision"":""business listing"",""coordinateConfidence"":""medium"",""geocodeNeedsManualReview"":true}"
"location-pack:south-canterbury-community-mental-health","south-canterbury-community-mental-health","Community Mental Health | South Canterbury","public-service","South Canterbury","Timaru","coordinate_gap_candidate","manual_compare_conflict","location-review:coordinate_gap_candidate:manual_compare_conflict:probable_match:public-service","Kensington Centre, Corner High and Queen Streets, Timaru","","","Kensington Centre","7 Queen Street, Parkside, Timaru 7910","-44.4077494","171.2566268","probable_match","phone; coordinate-gap-address-search-needs-review","https://maps.google.com/?cid=10759286362896189273&g_mp=Cidnb29nbGUubWFwcy5wbGFjZXMudjEuUGxhY2VzLlNlYXJjaFRleHQQAhgEIAA","{""lat"":-44.4077494,""lon"":171.2566268,""coordinateSource"":""google_places_candidate_pending_human_review"",""coordinatePrecision"":""business listing"",""coordinateConfidence"":""medium"",""geocodeNeedsManualReview"":true}"
"location-pack:south-canterbury-mental-health-older-people","south-canterbury-mental-health-older-people","Mental Health of Older People | South Canterbury","public-service","South Canterbury","Timaru","coordinate_gap_candidate","manual_compare_conflict","location-review:coordinate_gap_candidate:manual_compare_conflict:probable_match:public-service","Kensington Centre, 7 Queen Street, Parkside, Timaru","","","Kensington Centre","7 Queen Street, Parkside, Timaru 7910","-44.4077494","171.2566268","probable_match","phone; coordinate-gap-address-search-needs-review","https://maps.google.com/?cid=10759286362896189273&g_mp=Cidnb29nbGUubWFwcy5wbGFjZXMudjEuUGxhY2VzLlNlYXJjaFRleHQQAhgEIAA","{""lat"":-44.4077494,""lon"":171.2566268,""coordinateSource"":""google_places_candidate_pending_human_review"",""coordinatePrecision"":""business listing"",""coordinateConfidence"":""medium"",""geocodeNeedsManualReview"":true}"
"location-pack:crisis-south-canterbury","crisis-south-canterbury","South Canterbury Mental Health Crisis Team","public-service","South Canterbury","South Canterbury","missing_address","manual_compare_conflict","location-review:missing_address:manual_compare_conflict:probable_match:public-service","","","","Kensington Centre","7 Queen Street, Parkside, Timaru 7910","-44.4077494","171.2566268","probable_match","phone; coordinate-gap-address-search-needs-review","https://maps.google.com/?cid=10759286362896189273&g_mp=Cidnb29nbGUubWFwcy5wbGFjZXMudjEuUGxhY2VzLlNlYXJjaFRleHQQAhgEIAA","{""address"":""7 Queen Street, Parkside, Timaru 7910"",""lat"":-44.4077494,""lon"":171.2566268,""coordinateSource"":""google_places_candidate_pending_human_review"",""coordinatePrecision"":""business listing"",""coordinateConfidence"":""medium"",""geocodeNeedsManualReview"":true}"
"location-pack:west-coast-rata-aod","west-coast-rata-aod","Rata Alcohol and Other Drugs Service","addiction","West Coast","Westport / Greymouth / West Coast","coordinate_gap_candidate","manual_compare_conflict","location-review:coordinate_gap_candidate:manual_compare_conflict:probable_match:addiction","Buller Health Hospital, Westport","","","West Coast District Health Board","46B Cobden Street, Westport 7825","-41.7485529","171.605956","probable_match","coordinate-gap-address-search-needs-review; website-domain","https://maps.google.com/?cid=8661733660830681594&g_mp=Cidnb29nbGUubWFwcy5wbGFjZXMudjEuUGxhY2VzLlNlYXJjaFRleHQQAhgEIAA","{""lat"":-41.7485529,""lon"":171.605956,""coordinateSource"":""google_places_candidate_pending_human_review"",""coordinatePrecision"":""business listing"",""coordinateConfidence"":""medium"",""geocodeNeedsManualReview"":true}"
"location-pack:west-coast-health-primary-counselling","west-coast-health-primary-counselling","West Coast Health - Primary Health Counselling Programme","counsellor","West Coast","Greymouth and wider West Coast","location_review","manual_compare_conflict","location-review:location_review:manual_compare_conflict:probable_match:counsellor","Top Floor, 163 Mackay Street, Greymouth 7805","-42.4483337","171.2139058","West Coast Primary Health Organisation","163 MacKay Street, Greymouth 7805","-42.4482937","171.21397439999998","probable_match","coordinate-gap-address-search-needs-review; phone","https://maps.google.com/?cid=12493844867019451873&g_mp=Cidnb29nbGUubWFwcy5wbGFjZXMudjEuUGxhY2VzLlNlYXJjaFRleHQQAhgEIAA","{}"
"location-pack:national-youthline","national-youthline","Youthline","youth","National","Aotearoa New Zealand","coordinate_gap_candidate","manual_compare_conflict","location-review:coordinate_gap_candidate:manual_compare_conflict:strong_match:youth","Level 1, 2 Owens Road, Epsom, Auckland 1023","-36.8780764","174.7736695","Youthline Wellington","","","","strong_match","phone; website-domain; name","https://maps.google.com/?cid=9488905644002702863&g_mp=Cidnb29nbGUubWFwcy5wbGFjZXMudjEuUGxhY2VzLlNlYXJjaFRleHQQAhgEIAA","{}"
"location-pack:wellington-youthline-wellington","wellington-youthline-wellington","Youthline Wellington","youth","Wellington","Wellington","coordinate_gap_candidate","manual_compare_conflict","location-review:coordinate_gap_candidate:manual_compare_conflict:strong_match:youth","PO Box 1059, Wellington 6140","","","Youthline Wellington","","","","strong_match","phone; website-domain; name","https://maps.google.com/?cid=9488905644002702863&g_mp=Cidnb29nbGUubWFwcy5wbGFjZXMudjEuUGxhY2VzLlNlYXJjaFRleHQQAhgEIAA","{""coordinateSource"":""google_places_candidate_pending_human_review"",""coordinatePrecision"":""business listing"",""coordinateConfidence"":""medium"",""geocodeNeedsManualReview"":true}"
"location-pack:rotorua-lakes-icamhs","rotorua-lakes-icamhs","Infant, Child and Adolescent Mental Health Service | Lakes","youth","Rotorua and Taupo","Rotorua and Taupo","coordinate_gap_candidate","manual_compare_needed","location-review:coordinate_gap_candidate:manual_compare_needed:weak_match:youth","Children's Health Hub, 1127 Haupapa Street, Rotorua","","","Behavioural Health (Rotorua)","2nd floor/1163 Eruera Street, BOP, Rotorua 3010","-38.138729","176.25186109999999","weak_match","coordinate-gap-address-search-needs-review","https://maps.google.com/?cid=12252271393235418633&g_mp=Cidnb29nbGUubWFwcy5wbGFjZXMudjEuUGxhY2VzLlNlYXJjaFRleHQQAhgEIAA","{""lat"":-38.138729,""lon"":176.25186109999999,""coordinateSource"":""google_places_candidate_pending_human_review"",""coordinatePrecision"":""business listing"",""coordinateConfidence"":""low"",""geocodeNeedsManualReview"":true}"
"location-pack:wairarapa-mhaids-community-mental-health","wairarapa-mhaids-community-mental-health","Wairarapa Community Mental Health Team | MHAIDS","public-service","Wairarapa","Masterton","coordinate_gap_candidate","manual_compare_needed","location-review:coordinate_gap_candidate:manual_compare_needed:weak_match:public-service","Wairarapa Hospital Campus, Te Ore Ore Road, Masterton","","","Wairarapa Hospital","Te Ore Ore Road, Lansdowne, Masterton 5810","-40.9467005","175.6744462","weak_match","coordinate-gap-address-search-needs-review","https://maps.google.com/?cid=16662374722861498860&g_mp=Cidnb29nbGUubWFwcy5wbGFjZXMudjEuUGxhY2VzLlNlYXJjaFRleHQQAhgEIAA","{""lat"":-40.9467005,""lon"":175.6744462,""coordinateSource"":""google_places_candidate_pending_human_review"",""coordinatePrecision"":""business listing"",""coordinateConfidence"":""low"",""geocodeNeedsManualReview"":true}"
"location-pack:tairawhiti-lanae-fisk-psychology","tairawhiti-lanae-fisk-psychology","LaNae Fisk Psychology","psychologist","Canterbury","Christchurch","missing_coordinates","geocode_or_source_lookup","location-review:missing_coordinates:geocode_or_source_lookup:no_candidate:psychologist","Christchurch","","","","","","","","","","{}"
"location-pack:marlborough-top-of-the-south-psych-services","marlborough-top-of-the-south-psych-services","Top of the South Psych Services","psychologist","Nelson Marlborough Tasman","Blenheim","missing_coordinates","geocode_or_source_lookup","location-review:missing_coordinates:geocode_or_source_lookup:no_candidate:psychologist","Blenheim","","","","","","","","","","{}"
"location-pack:nelson-marlborough-tasman-nelson-bays-primary-health","nelson-marlborough-tasman-nelson-bays-primary-health","Nelson Bays Primary Health - Mental Health and Addictions","public-service","Nelson Marlborough Tasman","Richmond / Nelson Tasman","missing_coordinates","geocode_or_source_lookup","location-review:missing_coordinates:geocode_or_source_lookup:no_candidate:public-service","281 Queen Street, Richmond","","","","","","","","","","{}"
"location-pack:rotorua-brigette-hohepa-counselling","rotorua-brigette-hohepa-counselling","Brigette Hohepa Counselling","counsellor","Rotorua and Taupo","Ngongotaha, Rotorua","missing_coordinates","geocode_or_source_lookup","location-review:missing_coordinates:geocode_or_source_lookup:no_candidate:counsellor","Harmoni Hub, Room 3, 12 Western Road, Ngongotaha, Rotorua","","","","","","","","","","{}"
"location-pack:taupo-resilience-counselling","taupo-resilience-counselling","Resilience Counselling Taupo","counsellor","Rotorua and Taupo","Taupo","missing_coordinates","geocode_or_source_lookup","location-review:missing_coordinates:geocode_or_source_lookup:no_candidate:counsellor","100 Kaimanawa Street, Taupo","","","","","","","","","","{}"
"location-pack:rotorua-psychologist-nz-referrals","rotorua-psychologist-nz-referrals","Psychologist.nz Rotorua Referrals","psychologist","Rotorua and Taupo","Rotorua","missing_coordinates","geocode_or_source_lookup","location-review:missing_coordinates:geocode_or_source_lookup:no_candidate:psychologist","Rotorua","","","","","","","","","","{}"
"location-pack:south-canterbury-aod-service","south-canterbury-aod-service","Alcohol & Other Drugs (A&OD) South Canterbury","addiction","South Canterbury","Timaru","missing_coordinates","geocode_or_source_lookup","location-review:missing_coordinates:geocode_or_source_lookup:no_candidate:addiction","Kensington Centre, Corner High and Queen Streets, Timaru","","","","","","","","","","{}"
"location-pack:south-canterbury-a-time-to-talk","south-canterbury-a-time-to-talk","A Time to Talk","counsellor","South Canterbury","Timaru","missing_coordinates","geocode_or_source_lookup","location-review:missing_coordinates:geocode_or_source_lookup:no_candidate:counsellor","Timaru","","","","","","","","","","{}"
"location-pack:south-canterbury-alice-mcclintock","south-canterbury-alice-mcclintock","Alice McClintock - South Coast Psychology","psychologist","South Canterbury","Timaru","missing_coordinates","geocode_or_source_lookup","location-review:missing_coordinates:geocode_or_source_lookup:no_candidate:psychologist","Timaru District","","","","","","","","","","{}"
"location-pack:south-canterbury-reihana-psychology","south-canterbury-reihana-psychology","Reihana Psychology","psychologist","South Canterbury","Timaru","missing_coordinates","geocode_or_source_lookup","location-review:missing_coordinates:geocode_or_source_lookup:no_candidate:psychologist","Timaru","","","","","","","","","","{}"
"location-pack:south-canterbury-ipmha","south-canterbury-ipmha","South Canterbury IPMHA","public-service","South Canterbury","Timaru","missing_coordinates","geocode_or_source_lookup","location-review:missing_coordinates:geocode_or_source_lookup:no_candidate:public-service","Kensington Centre, Queen Street, Timaru","","","","","","","","","","{}"
"location-pack:wairarapa-briar-nicol-counselling","wairarapa-briar-nicol-counselling","Briar Nicol Counselling","counsellor","Wairarapa","Wairarapa","missing_coordinates","geocode_or_source_lookup","location-review:missing_coordinates:geocode_or_source_lookup:no_candidate:counsellor","Various venues, Wairarapa","","","","","","","","","","{}"
"location-pack:west-coast-kensington-clinic","west-coast-kensington-clinic","Kensington Clinic","counsellor","West Coast","Greymouth and online","missing_coordinates","geocode_or_source_lookup","location-review:missing_coordinates:geocode_or_source_lookup:no_candidate:counsellor","Greymouth","","","","","","","","","","{}"
"location-pack:west-coast-west-coast-health-bis","west-coast-west-coast-health-bis","West Coast Health Brief Intervention Service","public-service","West Coast","Greymouth and wider West Coast","missing_coordinates","geocode_or_source_lookup","location-review:missing_coordinates:geocode_or_source_lookup:no_candidate:public-service","Top Floor, 163 Mackay Street, Greymouth","","","","","","","","","","{}"
"location-pack:crisis-auckland-central","crisis-auckland-central","Auckland Central Mental Health Crisis Team","public-service","Auckland","Auckland Central","missing_address","source_lookup_needed","location-review:missing_address:source_lookup_needed:no_candidate:public-service","","","","","","","","","","","{}"
"location-pack:crisis-auckland-south-east","crisis-auckland-south-east","Auckland East and South Mental Health Crisis Team","public-service","Auckland","East and South Auckland","missing_address","source_lookup_needed","location-review:missing_address:source_lookup_needed:no_candidate:public-service","","","","","","","","","","","{}"
"location-pack:crisis-auckland-west-north","crisis-auckland-west-north","Auckland West and North Mental Health Crisis Teams","public-service","Auckland","West and North Auckland","missing_address","source_lookup_needed","location-review:missing_address:source_lookup_needed:no_candidate:public-service","","","","","","","","","","","{}"
"location-pack:auckland-ember-community-support","auckland-ember-community-support","Ember Community Support","public-service","Auckland","Auckland","missing_address","source_lookup_needed","location-review:missing_address:source_lookup_needed:no_candidate:public-service","","","","","","","","","","","{}"
"location-pack:crisis-bay-of-plenty","crisis-bay-of-plenty","Bay of Plenty Mental Health Crisis Teams","public-service","Bay of Plenty","Tauranga and Whakatane","missing_address","source_lookup_needed","location-review:missing_address:source_lookup_needed:no_candidate:public-service","","","","","","","","","","","{}"
"location-pack:bay-of-plenty-get-smart-tauranga","bay-of-plenty-get-smart-tauranga","Get Smart Tauranga","youth","Bay of Plenty","Tauranga","missing_address","source_lookup_needed","location-review:missing_address:source_lookup_needed:no_candidate:youth","","","","","","","","","","","{}"
"location-pack:canterbury-addiction-central-service","canterbury-addiction-central-service","Christchurch Central Service","addiction","Canterbury","Christchurch","missing_address","source_lookup_needed","location-review:missing_address:source_lookup_needed:no_candidate:addiction","","","","","","","","","","","{}"
"location-pack:canterbury-lucid-psychotherapy","canterbury-lucid-psychotherapy","Lucid Psychotherapy and Counselling","counsellor","Canterbury","Christchurch","missing_address","source_lookup_needed","location-review:missing_address:source_lookup_needed:no_candidate:counsellor","","","","","","","","","","","{}"
"location-pack:canterbury-merivale-therapy","canterbury-merivale-therapy","Merivale Psychotherapy and Counselling","counsellor","Canterbury","Christchurch","missing_address","source_lookup_needed","location-review:missing_address:source_lookup_needed:no_candidate:counsellor","","","","","","","","","","","{}"
"location-pack:nzccp-aimee-hanson","nzccp-aimee-hanson","Aimee Hanson","psychologist","Canterbury","Christchurch","missing_address","source_lookup_needed","location-review:missing_address:source_lookup_needed:no_candidate:psychologist","","","","","","","","","","","{}"
"location-pack:canterbury-healthnz-adult-crisis","canterbury-healthnz-adult-crisis","Canterbury Adult Mental Health Single Point of Entry","public-service","Canterbury","Christchurch","missing_address","source_lookup_needed","location-review:missing_address:source_lookup_needed:no_candidate:public-service","","","","","","","","","","","{}"
"location-pack:crisis-canterbury","crisis-canterbury","Canterbury Mental Health Crisis Team","public-service","Canterbury","Canterbury","missing_address","source_lookup_needed","location-review:missing_address:source_lookup_needed:no_candidate:public-service","","","","","","","","","","","{}"
"location-pack:canterbury-mhaps","canterbury-mhaps","MHAPS Canterbury","public-service","Canterbury","Christchurch","missing_address","source_lookup_needed","location-review:missing_address:source_lookup_needed:no_candidate:public-service","","","","","","","","","","","{}"
"location-pack:canterbury-purapura-whetu","canterbury-purapura-whetu","Purapura Whetu","public-service","Canterbury","Christchurch / Canterbury","missing_address","source_lookup_needed","location-review:missing_address:source_lookup_needed:no_candidate:public-service","","","","","","","","","","","{}"
"location-pack:canterbury-caflink","canterbury-caflink","Canterbury CAFLink","youth","Canterbury","Christchurch","missing_address","source_lookup_needed","location-review:missing_address:source_lookup_needed:no_candidate:youth","","","","","","","","","","","{}"
"location-pack:canterbury-manu-ka-rere","canterbury-manu-ka-rere","Manu Ka Rere","youth","Canterbury","Christchurch / Canterbury","missing_address","source_lookup_needed","location-review:missing_address:source_lookup_needed:no_candidate:youth","","","","","","","","","","","{}"
"location-pack:canterbury-qtopia","canterbury-qtopia","Qtopia","youth","Canterbury","Christchurch","missing_address","source_lookup_needed","location-review:missing_address:source_lookup_needed:no_candidate:youth","","","","","","","","","","","{}"
"location-pack:canterbury-te-tahi-youth","canterbury-te-tahi-youth","Te Tahi Youth","youth","Canterbury","Christchurch","missing_address","source_lookup_needed","location-review:missing_address:source_lookup_needed:no_candidate:youth","","","","","","","","","","","{}"
"location-pack:hawkes-bay-whakiao-taurima-counselling","hawkes-bay-whakiao-taurima-counselling","Whakiao Taurima Counselling","counsellor","Hawke's Bay","Hawke's Bay","missing_address","source_lookup_needed","location-review:missing_address:source_lookup_needed:no_candidate:counsellor","","","","","","","","","","","{}"
"location-pack:crisis-hawkes-bay","crisis-hawkes-bay","Hawke's Bay Mental Health Crisis Team","public-service","Hawke's Bay","Hawke's Bay","missing_address","source_lookup_needed","location-review:missing_address:source_lookup_needed:no_candidate:public-service","","","","","","","","","","","{}"
"location-pack:hawkes-bay-te-taiwhenua-o-heretaunga","hawkes-bay-te-taiwhenua-o-heretaunga","Te Taiwhenua o Heretaunga","public-service","Hawke's Bay","Hastings","missing_address","source_lookup_needed","location-review:missing_address:source_lookup_needed:no_candidate:public-service","","","","","","","","","","","{}"
"location-pack:hawkes-bay-whatever-it-takes","hawkes-bay-whatever-it-takes","Whatever It Takes Trust","public-service","Hawke's Bay","Hawke's Bay","missing_address","source_lookup_needed","location-review:missing_address:source_lookup_needed:no_candidate:public-service","","","","","","","","","","","{}"
"location-pack:crisis-manawatu-whanganui","crisis-manawatu-whanganui","Manawatu-Whanganui Mental Health Crisis Teams","public-service","Manawatu-Whanganui","Palmerston North and Whanganui","missing_address","source_lookup_needed","location-review:missing_address:source_lookup_needed:no_candidate:public-service","","","","","","","","","","","{}"
"location-pack:manawatu-whanganui-te-oranganui","manawatu-whanganui-te-oranganui","Te Oranganui","public-service","Manawatu-Whanganui","Whanganui","missing_address","source_lookup_needed","location-review:missing_address:source_lookup_needed:no_candidate:public-service","","","","","","","","","","","{}"
"location-pack:manawatu-whanganui-think-hauora-access-choice","manawatu-whanganui-think-hauora-access-choice","THINK Hauora Access and Choice","public-service","Manawatu-Whanganui","Palmerston North / MidCentral","missing_address","source_lookup_needed","location-review:missing_address:source_lookup_needed:no_candidate:public-service","","","","","","","","","","","{}"
"location-pack:manawatu-whanganui-whatever-youth","manawatu-whanganui-whatever-youth","Whatever Whanganui Youth Health Place","youth","Manawatu-Whanganui","Whanganui","missing_address","source_lookup_needed","location-review:missing_address:source_lookup_needed:no_candidate:youth","","","","","","","","","","","{}"
"location-pack:manawatu-whanganui-yoss-palmerston-north","manawatu-whanganui-yoss-palmerston-north","Youth One Stop Shop Palmerston North","youth","Manawatu-Whanganui","Palmerston North","missing_address","source_lookup_needed","location-review:missing_address:source_lookup_needed:no_candidate:youth","","","","","","","","","","","{}"
"location-pack:nelson-marlborough-tasman-care-marlborough","nelson-marlborough-tasman-care-marlborough","Care Marlborough","public-service","Nelson Marlborough Tasman","Blenheim","missing_address","source_lookup_needed","location-review:missing_address:source_lookup_needed:no_candidate:public-service","","","","","","","","","","","{}"
"location-pack:crisis-nelson-marlborough-tasman","crisis-nelson-marlborough-tasman","Nelson, Marlborough and Tasman Mental Health Crisis Teams","public-service","Nelson Marlborough Tasman","Nelson, Marlborough, Tasman","missing_address","source_lookup_needed","location-review:missing_address:source_lookup_needed:no_candidate:public-service","","","","","","","","","","","{}"
"location-pack:nelson-marlborough-tasman-te-whare-mahana","nelson-marlborough-tasman-te-whare-mahana","Te Whare Mahana","public-service","Nelson Marlborough Tasman","Golden Bay","missing_address","source_lookup_needed","location-review:missing_address:source_lookup_needed:no_candidate:public-service","","","","","","","","","","","{}"
"location-pack:nelson-marlborough-tasman-whanake-youth","nelson-marlborough-tasman-whanake-youth","Whanake Youth","youth","Nelson Marlborough Tasman","Nelson","missing_address","source_lookup_needed","location-review:missing_address:source_lookup_needed:no_candidate:youth","","","","","","","","","","","{}"
"location-pack:northland-xtrapsychplus","northland-xtrapsychplus","Xtrapsychplus","counsellor","Northland","Whangarei","missing_address","source_lookup_needed","location-review:missing_address:source_lookup_needed:no_candidate:counsellor","","","","","","","","","","","{}"
"location-pack:northland-starfish-donna-mcewen","northland-starfish-donna-mcewen","The Starfish Clinic - Donna McEwen","psychologist","Northland","Whangarei","missing_address","source_lookup_needed","location-review:missing_address:source_lookup_needed:no_candidate:psychologist","","","","","","","","","","","{}"
"location-pack:northland-starfish-yvette-ahmad","northland-starfish-yvette-ahmad","The Starfish Clinic - Dr Yvette Ahmad","psychologist","Northland","Whangarei","missing_address","source_lookup_needed","location-review:missing_address:source_lookup_needed:no_candidate:psychologist","","","","","","","","","","","{}"
"location-pack:crisis-northland","crisis-northland","Northland Mental Health Crisis Team","public-service","Northland","Northland","missing_address","source_lookup_needed","location-review:missing_address:source_lookup_needed:no_candidate:public-service","","","","","","","","","","","{}"
"location-pack:northland-youth-health-service","northland-youth-health-service","Northland Youth Health Service","youth","Northland","Northland","missing_address","source_lookup_needed","location-review:missing_address:source_lookup_needed:no_candidate:youth","","","","","","","","","","","{}"
"location-pack:otago-ocasa","otago-ocasa","OCASA","counsellor","Otago","Dunedin / Otago","missing_address","source_lookup_needed","location-review:missing_address:source_lookup_needed:no_candidate:counsellor","","","","","","","","","","","{}"
"location-pack:crisis-otago-southland","crisis-otago-southland","Otago and Southland Mental Health Crisis Team","public-service","Otago","Otago and Southland","missing_address","source_lookup_needed","location-review:missing_address:source_lookup_needed:no_candidate:public-service","","","","","","","","","","","{}"
"location-pack:otago-adventure-development","otago-adventure-development","Adventure Development Otago","youth","Otago","Dunedin / Otago","missing_address","source_lookup_needed","location-review:missing_address:source_lookup_needed:no_candidate:youth","","","","","","","","","","","{}"
"location-pack:otago-mirror-services","otago-mirror-services","Mirror Services","youth","Otago","Dunedin / Otago","missing_address","source_lookup_needed","location-review:missing_address:source_lookup_needed:no_candidate:youth","","","","","","","","","","","{}"
"location-pack:rotorua-taupo-ember-lakes-community-support","rotorua-taupo-ember-lakes-community-support","Ember Rotorua and Lakes Community Support","public-service","Rotorua and Taupo","Rotorua and Lakes","missing_address","source_lookup_needed","location-review:missing_address:source_lookup_needed:no_candidate:public-service","","","","","","","","","","","{}"
"location-pack:rotorua-taupo-lifewise-rotorua","rotorua-taupo-lifewise-rotorua","Lifewise Rotorua Mental Health & Addiction","public-service","Rotorua and Taupo","Rotorua","missing_address","source_lookup_needed","location-review:missing_address:source_lookup_needed:no_candidate:public-service","","","","","","","","","","","{}"
"location-pack:crisis-rotorua-taupo","crisis-rotorua-taupo","Rotorua and Taupo Mental Health Crisis Team","public-service","Rotorua and Taupo","Rotorua and Taupo","missing_address","source_lookup_needed","location-review:missing_address:source_lookup_needed:no_candidate:public-service","","","","","","","","","","","{}"
"location-pack:southland-nga-kete-matauranga-pounamu","southland-nga-kete-matauranga-pounamu","Nga Kete Matauranga Pounamu","public-service","Southland","Invercargill / Southland","missing_address","source_lookup_needed","location-review:missing_address:source_lookup_needed:no_candidate:public-service","","","","","","","","","","","{}"
"location-pack:southland-pact","southland-pact","Pact Southland","public-service","Southland","Southland","missing_address","source_lookup_needed","location-review:missing_address:source_lookup_needed:no_candidate:public-service","","","","","","","","","","","{}"
"location-pack:crisis-southland","crisis-southland","Southland Mental Health Crisis Team","public-service","Southland","Southland","missing_address","source_lookup_needed","location-review:missing_address:source_lookup_needed:no_candidate:public-service","","","","","","","","","","","{}"
"location-pack:southland-adventure-development","southland-adventure-development","Adventure Development Southland","youth","Southland","Southland","missing_address","source_lookup_needed","location-review:missing_address:source_lookup_needed:no_candidate:youth","","","","","","","","","","","{}"
"location-pack:crisis-tairawhiti","crisis-tairawhiti","Tairawhiti Mental Health Crisis Team","public-service","Tairawhiti","Gisborne","missing_address","source_lookup_needed","location-review:missing_address:source_lookup_needed:no_candidate:public-service","","","","","","","","","","","{}"
"location-pack:taranaki-integrate-psychology","taranaki-integrate-psychology","Integrate Psychology","psychologist","Taranaki","New Plymouth, Stratford and Hawera","missing_address","source_lookup_needed","location-review:missing_address:source_lookup_needed:no_candidate:psychologist","","","","","","","","","","","{}"
"location-pack:taranaki-healthnz-mental-health-brief-care","taranaki-healthnz-mental-health-brief-care","Taranaki Mental Health Assessment and Brief Care","public-service","Taranaki","Taranaki","missing_address","source_lookup_needed","location-review:missing_address:source_lookup_needed:no_candidate:public-service","","","","","","","","","","","{}"
"location-pack:crisis-taranaki","crisis-taranaki","Taranaki Mental Health Crisis Team","public-service","Taranaki","Taranaki","missing_address","source_lookup_needed","location-review:missing_address:source_lookup_needed:no_candidate:public-service","","","","","","","","","","","{}"
"location-pack:taranaki-taranaki-retreat","taranaki-taranaki-retreat","Taranaki Retreat","public-service","Taranaki","Taranaki","missing_address","source_lookup_needed","location-review:missing_address:source_lookup_needed:no_candidate:public-service","","","","","","","","","","","{}"
"location-pack:waikato-pinnacle-access-choice","waikato-pinnacle-access-choice","Pinnacle Access and Choice / Te Tumu Waiora","public-service","Waikato","Waikato","missing_address","source_lookup_needed","location-review:missing_address:source_lookup_needed:no_candidate:public-service","","","","","","","","","","","{}"
"location-pack:crisis-waikato","crisis-waikato","Waikato Mental Health Crisis Team","public-service","Waikato","Waikato","missing_address","source_lookup_needed","location-review:missing_address:source_lookup_needed:no_candidate:public-service","","","","","","","","","","","{}"
"location-pack:waikato-youth-intact","waikato-youth-intact","Waikato Youth INtact","youth","Waikato","Waikato","missing_address","source_lookup_needed","location-review:missing_address:source_lookup_needed:no_candidate:youth","","","","","","","","","","","{}"
"location-pack:wairarapa-capital-psychology-assessments","wairarapa-capital-psychology-assessments","Capital Psychology - Wairarapa Assessments","psychologist","Wairarapa","Wairarapa","missing_address","source_lookup_needed","location-review:missing_address:source_lookup_needed:no_candidate:psychologist","","","","","","","","","","","{}"
"location-pack:wairarapa-nic-allan-psychology","wairarapa-nic-allan-psychology","Nicholas Allan Psychology","psychologist","Wairarapa","Masterton","missing_address","source_lookup_needed","location-review:missing_address:source_lookup_needed:no_candidate:psychologist","","","","","","","","","","","{}"
"location-pack:crisis-wairarapa","crisis-wairarapa","Wairarapa Mental Health Crisis Team","public-service","Wairarapa","Wairarapa","missing_address","source_lookup_needed","location-review:missing_address:source_lookup_needed:no_candidate:public-service","","","","","","","","","","","{}"
"location-pack:wairarapa-piki-youth-support","wairarapa-piki-youth-support","Piki Wellington and Wairarapa","youth","Wairarapa","Wairarapa","missing_address","source_lookup_needed","location-review:missing_address:source_lookup_needed:no_candidate:youth","","","","","","","","","","","{}"
"location-pack:wellington-te-haika","wellington-te-haika","Te Haika Mental Health Contact Centre","public-service","Wellington","Wellington / Hutt Valley / Kapiti","missing_address","source_lookup_needed","location-review:missing_address:source_lookup_needed:no_candidate:public-service","","","","","","","","","","","{}"
"location-pack:crisis-wellington","crisis-wellington","Wellington, Hutt and Kapiti Mental Health Crisis Team","public-service","Wellington","Wellington, Hutt and Kapiti","missing_address","source_lookup_needed","location-review:missing_address:source_lookup_needed:no_candidate:public-service","","","","","","","","","","","{}"
"location-pack:wellington-piki-youth-support","wellington-piki-youth-support","Piki","youth","Wellington","Greater Wellington","missing_address","source_lookup_needed","location-review:missing_address:source_lookup_needed:no_candidate:youth","","","","","","","","","","","{}"
"location-pack:west-coast-homebuilders","west-coast-homebuilders","Homebuilders West Coast","public-service","West Coast","West Coast","missing_address","source_lookup_needed","location-review:missing_address:source_lookup_needed:no_candidate:public-service","","","","","","","","","","","{}"
"location-pack:crisis-west-coast","crisis-west-coast","West Coast Mental Health Crisis Team","public-service","West Coast","West Coast","missing_address","source_lookup_needed","location-review:missing_address:source_lookup_needed:no_candidate:public-service","","","","","","","","","","","{}"
